vgg19,1,20,vgg19,1,throughput,132.94,latency,0.00752,1
vgg19,1,20,vgg19,2,throughput,130.957,latency,0.00764,1
vgg19,1,20,vgg19,4,throughput,130.566,latency,0.00766,1
vgg19,1,20,vgg19,8,throughput,128.536,latency,0.00778,1
vgg19,1,20,vgg19,16,throughput,127.235,latency,0.00786,1
vgg19,1,20,vgg19,32,throughput,126.288,latency,0.00792,1
vgg19,1,20,vgg19,64,throughput,125.268,latency,0.00798,1
vgg19,1,20,resnet50,1,throughput,137.247,latency,0.00729,1
vgg19,1,20,resnet50,2,throughput,135.665,latency,0.00737,1
vgg19,1,20,resnet50,4,throughput,132.221,latency,0.00756,1
vgg19,1,20,resnet50,8,throughput,127.819,latency,0.00782,1
vgg19,1,20,resnet50,16,throughput,124.482,latency,0.00803,1
vgg19,1,20,resnet50,32,throughput,120.612,latency,0.00829,1
vgg19,1,20,resnet50,64,throughput,119.189,latency,0.00839,1
vgg19,1,40,vgg19,1,throughput,243.2,latency,0.00411,1
vgg19,1,40,vgg19,2,throughput,232.012,latency,0.00431,1
vgg19,1,40,vgg19,4,throughput,237.357,latency,0.00421,1
vgg19,1,40,vgg19,8,throughput,237.696,latency,0.00421,1
vgg19,1,40,vgg19,16,throughput,236.525,latency,0.00423,1
vgg19,1,40,vgg19,32,throughput,235.692,latency,0.00424,1
vgg19,1,40,vgg19,64,throughput,235.511,latency,0.00425,1
vgg19,1,40,resnet50,1,throughput,249.486,latency,0.00401,1
vgg19,1,40,resnet50,2,throughput,246.325,latency,0.00406,1
vgg19,1,40,resnet50,4,throughput,239.641,latency,0.00417,1
vgg19,1,40,resnet50,8,throughput,234.878,latency,0.00426,1
vgg19,1,40,resnet50,16,throughput,230.669,latency,0.00434,1
vgg19,1,40,resnet50,32,throughput,226.74,latency,0.00441,1
vgg19,1,40,resnet50,64,throughput,223.414,latency,0.00448,1
vgg19,1,50,vgg19,1,throughput,276.228,latency,0.00362,1
vgg19,1,50,vgg19,2,throughput,272.966,latency,0.00366,1
vgg19,1,50,vgg19,4,throughput,273.902,latency,0.00365,1
vgg19,1,50,vgg19,8,throughput,271.824,latency,0.00368,1
vgg19,1,50,vgg19,16,throughput,270.645,latency,0.00369,1
vgg19,1,50,vgg19,32,throughput,269.298,latency,0.00371,1
vgg19,1,50,vgg19,64,throughput,269.059,latency,0.00372,1
vgg19,1,50,resnet50,1,throughput,280.427,latency,0.00357,1
vgg19,1,50,resnet50,2,throughput,162.9,latency,0.00614,1
vgg19,1,50,resnet50,4,throughput,269.887,latency,0.00371,1
vgg19,1,50,resnet50,8,throughput,268.331,latency,0.00373,1
vgg19,1,50,resnet50,16,throughput,264.845,latency,0.00378,1
vgg19,1,50,resnet50,32,throughput,260.148,latency,0.00384,1
vgg19,1,50,resnet50,64,throughput,256.079,latency,0.00391,1
vgg19,1,60,vgg19,1,throughput,334.251,latency,0.00299,1
vgg19,1,60,vgg19,2,throughput,328.677,latency,0.00304,1
vgg19,1,60,vgg19,4,throughput,328.812,latency,0.00304,1
vgg19,1,60,vgg19,8,throughput,330.56,latency,0.00303,1
vgg19,1,60,vgg19,16,throughput,328.316,latency,0.00305,1
vgg19,1,60,vgg19,32,throughput,328.562,latency,0.00304,1
vgg19,1,60,vgg19,64,throughput,324.108,latency,0.00309,1
vgg19,1,60,resnet50,1,throughput,336.888,latency,0.00297,1
vgg19,1,60,resnet50,2,throughput,333.527,latency,0.003,1
vgg19,1,60,resnet50,4,throughput,328.836,latency,0.00304,1
vgg19,1,60,resnet50,8,throughput,328.69,latency,0.00304,1
vgg19,1,60,resnet50,16,throughput,325.128,latency,0.00308,1
vgg19,1,60,resnet50,32,throughput,321.249,latency,0.00311,1
vgg19,1,60,resnet50,64,throughput,316.41,latency,0.00316,1
vgg19,1,80,vgg19,1,throughput,377.282,latency,0.00265,1
vgg19,1,80,vgg19,2,throughput,378.434,latency,0.00264,1
vgg19,1,80,vgg19,4,throughput,377.583,latency,0.00265,1
vgg19,1,80,vgg19,8,throughput,376.349,latency,0.00266,1
vgg19,1,80,vgg19,16,throughput,379.282,latency,0.00264,1
vgg19,1,80,vgg19,32,throughput,375.4,latency,0.00266,1
vgg19,1,80,vgg19,64,throughput,373.324,latency,0.00268,1
vgg19,1,80,resnet50,1,throughput,378.123,latency,0.00264,1
vgg19,1,80,resnet50,2,throughput,380.11,latency,0.00263,1
vgg19,1,80,resnet50,4,throughput,141.401,latency,0.00707,1
vgg19,1,80,resnet50,8,throughput,377.309,latency,0.00265,1
vgg19,1,80,resnet50,16,throughput,374.567,latency,0.00267,1
vgg19,1,80,resnet50,32,throughput,372.101,latency,0.00269,1
vgg19,1,80,resnet50,64,throughput,367.023,latency,0.00272,1
vgg19,2,20,vgg19,1,throughput,172.99,latency,0.01156,1
vgg19,2,20,vgg19,2,throughput,125.168,latency,0.01598,1
vgg19,2,20,vgg19,4,throughput,122.911,latency,0.01627,1
vgg19,2,20,vgg19,8,throughput,121.72,latency,0.01643,1
vgg19,2,20,vgg19,16,throughput,166.435,latency,0.01202,1
vgg19,2,20,vgg19,32,throughput,121.39,latency,0.01648,1
vgg19,2,20,vgg19,64,throughput,119.411,latency,0.01675,1
vgg19,2,20,resnet50,1,throughput,178.2,latency,0.01122,1
vgg19,2,20,resnet50,2,throughput,127.55,latency,0.01568,1
vgg19,2,20,resnet50,4,throughput,125.68,latency,0.01591,1
vgg19,2,20,resnet50,8,throughput,122.651,latency,0.01631,1
vgg19,2,20,resnet50,16,throughput,119.303,latency,0.01676,1
vgg19,2,20,resnet50,32,throughput,116.416,latency,0.01718,1
vgg19,2,20,resnet50,64,throughput,116.309,latency,0.0172,1
vgg19,2,40,vgg19,1,throughput,190.842,latency,0.01048,1
vgg19,2,40,vgg19,2,throughput,191.608,latency,0.01044,1
vgg19,2,40,vgg19,4,throughput,188.002,latency,0.01064,1
vgg19,2,40,vgg19,8,throughput,187.645,latency,0.01066,1
vgg19,2,40,vgg19,16,throughput,322.56,latency,0.0062,1
vgg19,2,40,vgg19,32,throughput,185.592,latency,0.01078,1
vgg19,2,40,vgg19,64,throughput,186.365,latency,0.01073,1
vgg19,2,40,resnet50,1,throughput,197.096,latency,0.01015,1
vgg19,2,40,resnet50,2,throughput,193.185,latency,0.01035,1
vgg19,2,40,resnet50,4,throughput,190.478,latency,0.0105,1
vgg19,2,40,resnet50,8,throughput,187.224,latency,0.01068,1
vgg19,2,40,resnet50,16,throughput,183.992,latency,0.01087,1
vgg19,2,40,resnet50,32,throughput,180.458,latency,0.01108,1
vgg19,2,40,resnet50,64,throughput,179.179,latency,0.01116,1
vgg19,2,50,vgg19,1,throughput,208.009,latency,0.00961,1
vgg19,2,50,vgg19,2,throughput,203.981,latency,0.0098,1
vgg19,2,50,vgg19,4,throughput,369.459,latency,0.00541,1
vgg19,2,50,vgg19,8,throughput,202.387,latency,0.00988,1
vgg19,2,50,vgg19,16,throughput,202.264,latency,0.00989,1
vgg19,2,50,vgg19,32,throughput,202.185,latency,0.00989,1
vgg19,2,50,vgg19,64,throughput,201.797,latency,0.00991,1
vgg19,2,50,resnet50,1,throughput,378.183,latency,0.00529,1
vgg19,2,50,resnet50,2,throughput,207.625,latency,0.00963,1
vgg19,2,50,resnet50,4,throughput,203.825,latency,0.00981,1
vgg19,2,50,resnet50,8,throughput,202.598,latency,0.00987,1
vgg19,2,50,resnet50,16,throughput,199.864,latency,0.01001,1
vgg19,2,50,resnet50,32,throughput,197.882,latency,0.01011,1
vgg19,2,50,resnet50,64,throughput,196.793,latency,0.01016,1
vgg19,2,60,vgg19,1,throughput,236.738,latency,0.00845,1
vgg19,2,60,vgg19,2,throughput,232.576,latency,0.0086,1
vgg19,2,60,vgg19,4,throughput,231.989,latency,0.00862,1
vgg19,2,60,vgg19,8,throughput,230.319,latency,0.00868,1
vgg19,2,60,vgg19,16,throughput,229.19,latency,0.00873,1
vgg19,2,60,vgg19,32,throughput,229.256,latency,0.00872,1
vgg19,2,60,vgg19,64,throughput,227.738,latency,0.00878,1
vgg19,2,60,resnet50,1,throughput,236.077,latency,0.00847,1
vgg19,2,60,resnet50,2,throughput,233.926,latency,0.00855,1
vgg19,2,60,resnet50,4,throughput,231.699,latency,0.00863,1
vgg19,2,60,resnet50,8,throughput,461.406,latency,0.00433,1
vgg19,2,60,resnet50,16,throughput,227.736,latency,0.00878,1
vgg19,2,60,resnet50,32,throughput,226.382,latency,0.00883,1
vgg19,2,60,resnet50,64,throughput,224.271,latency,0.00892,1
vgg19,2,80,vgg19,1,throughput,249.439,latency,0.00802,1
vgg19,2,80,vgg19,2,throughput,246.02,latency,0.00813,1
vgg19,2,80,vgg19,4,throughput,243.626,latency,0.00821,1
vgg19,2,80,vgg19,8,throughput,528.902,latency,0.00378,1
vgg19,2,80,vgg19,16,throughput,528.652,latency,0.00378,1
vgg19,2,80,vgg19,32,throughput,244.862,latency,0.00817,1
vgg19,2,80,vgg19,64,throughput,243.504,latency,0.00821,1
vgg19,2,80,resnet50,1,throughput,0,latency,0.00379,1
vgg19,2,80,resnet50,2,throughput,528.254,latency,0.00379,1
vgg19,2,80,resnet50,4,throughput,529.063,latency,0.00378,1
vgg19,2,80,resnet50,8,throughput,528.742,latency,0.00378,1
vgg19,2,80,resnet50,16,throughput,525.574,latency,0.00381,1
vgg19,2,80,resnet50,32,throughput,525.828,latency,0.0038,1
vgg19,2,80,resnet50,64,throughput,521.156,latency,0.00384,1
vgg19,4,20,vgg19,1,throughput,173.824,latency,0.02301,1
vgg19,4,20,vgg19,2,throughput,212.564,latency,0.01882,1
vgg19,4,20,vgg19,4,throughput,211.369,latency,0.01892,1
vgg19,4,20,vgg19,8,throughput,170.192,latency,0.0235,1
vgg19,4,20,vgg19,16,throughput,168.341,latency,0.02376,1
vgg19,4,20,vgg19,32,throughput,166.329,latency,0.02405,1
vgg19,4,20,vgg19,64,throughput,166.514,latency,0.02402,1
vgg19,4,20,resnet50,1,throughput,176.156,latency,0.02271,1
vgg19,4,20,resnet50,2,throughput,176.284,latency,0.02269,1
vgg19,4,20,resnet50,4,throughput,173.764,latency,0.02302,1
vgg19,4,20,resnet50,8,throughput,169.368,latency,0.02362,1
vgg19,4,20,resnet50,16,throughput,165.83,latency,0.02412,1
vgg19,4,20,resnet50,32,throughput,164.085,latency,0.02438,1
vgg19,4,20,resnet50,64,throughput,196.964,latency,0.02031,1
vgg19,4,40,vgg19,1,throughput,412.259,latency,0.0097,1
vgg19,4,40,vgg19,2,throughput,409.866,latency,0.00976,1
vgg19,4,40,vgg19,4,throughput,409.687,latency,0.00976,1
vgg19,4,40,vgg19,8,throughput,408.512,latency,0.00979,1
vgg19,4,40,vgg19,16,throughput,408.712,latency,0.00979,1
vgg19,4,40,vgg19,32,throughput,406.65,latency,0.00984,1
vgg19,4,40,vgg19,64,throughput,404.538,latency,0.00989,1
vgg19,4,40,resnet50,1,throughput,0,latency,0.00959,1
vgg19,4,40,resnet50,2,throughput,417.254,latency,0.00959,1
vgg19,4,40,resnet50,4,throughput,409.673,latency,0.00976,1
vgg19,4,40,resnet50,8,throughput,405.216,latency,0.00987,1
vgg19,4,40,resnet50,16,throughput,399.88,latency,0.01,1
vgg19,4,40,resnet50,32,throughput,395.038,latency,0.01013,1
vgg19,4,40,resnet50,64,throughput,391.383,latency,0.01022,1
vgg19,4,50,vgg19,1,throughput,464.062,latency,0.00862,1
vgg19,4,50,vgg19,2,throughput,461.331,latency,0.00867,1
vgg19,4,50,vgg19,4,throughput,462.264,latency,0.00865,1
vgg19,4,50,vgg19,8,throughput,461.967,latency,0.00866,1
vgg19,4,50,vgg19,16,throughput,460.627,latency,0.00868,1
vgg19,4,50,vgg19,32,throughput,460.941,latency,0.00868,1
vgg19,4,50,vgg19,64,throughput,459.198,latency,0.00871,1
vgg19,4,50,resnet50,1,throughput,0,latency,0.0086,1
vgg19,4,50,resnet50,2,throughput,465.204,latency,0.0086,1
vgg19,4,50,resnet50,4,throughput,458.085,latency,0.00873,1
vgg19,4,50,resnet50,8,throughput,456.934,latency,0.00875,1
vgg19,4,50,resnet50,16,throughput,454.863,latency,0.00879,1
vgg19,4,50,resnet50,32,throughput,450.831,latency,0.00887,1
vgg19,4,50,resnet50,64,throughput,447.647,latency,0.00894,1
vgg19,4,60,vgg19,1,throughput,593.992,latency,0.00673,1
vgg19,4,60,vgg19,2,throughput,592.237,latency,0.00675,1
vgg19,4,60,vgg19,4,throughput,591.922,latency,0.00676,1
vgg19,4,60,vgg19,8,throughput,592.385,latency,0.00675,1
vgg19,4,60,vgg19,16,throughput,590.92,latency,0.00677,1
vgg19,4,60,vgg19,32,throughput,591.99,latency,0.00676,1
vgg19,4,60,vgg19,64,throughput,588.317,latency,0.0068,1
vgg19,4,60,resnet50,1,throughput,0,latency,0.00673,1
vgg19,4,60,resnet50,2,throughput,594.44,latency,0.00673,1
vgg19,4,60,resnet50,4,throughput,588.35,latency,0.0068,1
vgg19,4,60,resnet50,8,throughput,588.253,latency,0.0068,1
vgg19,4,60,resnet50,16,throughput,583.687,latency,0.00685,1
vgg19,4,60,resnet50,32,throughput,581.754,latency,0.00688,1
vgg19,4,60,resnet50,64,throughput,575.851,latency,0.00695,1
vgg19,4,80,vgg19,1,throughput,675.974,latency,0.00592,1
vgg19,4,80,vgg19,2,throughput,673.424,latency,0.00594,1
vgg19,4,80,vgg19,4,throughput,673.181,latency,0.00594,1
vgg19,4,80,vgg19,8,throughput,674.179,latency,0.00593,1
vgg19,4,80,vgg19,16,throughput,673.972,latency,0.00593,1
vgg19,4,80,vgg19,32,throughput,673.615,latency,0.00594,1
vgg19,4,80,vgg19,64,throughput,669.968,latency,0.00597,1
vgg19,4,80,resnet50,1,throughput,671.545,latency,0.00596,1
vgg19,4,80,resnet50,2,throughput,670.403,latency,0.00597,1
vgg19,4,80,resnet50,4,throughput,671.313,latency,0.00596,1
vgg19,4,80,resnet50,8,throughput,669.833,latency,0.00597,1
vgg19,4,80,resnet50,16,throughput,669.853,latency,0.00597,1
vgg19,4,80,resnet50,32,throughput,669.293,latency,0.00598,1
vgg19,4,80,resnet50,64,throughput,666.246,latency,0.006,1
vgg19,8,20,vgg19,1,throughput,243.376,latency,0.03287,1
vgg19,8,20,vgg19,2,throughput,242.249,latency,0.03302,1
vgg19,8,20,vgg19,4,throughput,241.116,latency,0.03318,1
vgg19,8,20,vgg19,8,throughput,238.403,latency,0.03356,1
vgg19,8,20,vgg19,16,throughput,236.062,latency,0.03389,1
vgg19,8,20,vgg19,32,throughput,233.23,latency,0.0343,1
vgg19,8,20,vgg19,64,throughput,233.08,latency,0.03432,1
vgg19,8,20,resnet50,1,throughput,249.267,latency,0.03209,1
vgg19,8,20,resnet50,2,throughput,247.743,latency,0.03229,1
vgg19,8,20,resnet50,4,throughput,243.972,latency,0.03279,1
vgg19,8,20,resnet50,8,throughput,238.717,latency,0.03351,1
vgg19,8,20,resnet50,16,throughput,232.678,latency,0.03438,1
vgg19,8,20,resnet50,32,throughput,225.798,latency,0.03543,1
vgg19,8,20,resnet50,64,throughput,222.1,latency,0.03602,1
vgg19,8,40,vgg19,1,throughput,471.608,latency,0.01696,1
vgg19,8,40,vgg19,2,throughput,468.143,latency,0.01709,1
vgg19,8,40,vgg19,4,throughput,467.164,latency,0.01712,1
vgg19,8,40,vgg19,8,throughput,465.893,latency,0.01717,1
vgg19,8,40,vgg19,16,throughput,464.28,latency,0.01723,1
vgg19,8,40,vgg19,32,throughput,461.178,latency,0.01735,1
vgg19,8,40,vgg19,64,throughput,460.498,latency,0.01737,1
vgg19,8,40,resnet50,1,throughput,481.072,latency,0.01663,1
vgg19,8,40,resnet50,2,throughput,477.646,latency,0.01675,1
vgg19,8,40,resnet50,4,throughput,470.574,latency,0.017,1
vgg19,8,40,resnet50,8,throughput,464.22,latency,0.01723,1
vgg19,8,40,resnet50,16,throughput,455.171,latency,0.01758,1
vgg19,8,40,resnet50,32,throughput,448.792,latency,0.01783,1
vgg19,8,40,resnet50,64,throughput,443.553,latency,0.01804,1
vgg19,8,50,vgg19,1,throughput,565.753,latency,0.01414,1
vgg19,8,50,vgg19,2,throughput,562.474,latency,0.01422,1
vgg19,8,50,vgg19,4,throughput,563.47,latency,0.0142,1
vgg19,8,50,vgg19,8,throughput,566.836,latency,0.01411,1
vgg19,8,50,vgg19,16,throughput,559.761,latency,0.01429,1
vgg19,8,50,vgg19,32,throughput,558.148,latency,0.01433,1
vgg19,8,50,vgg19,64,throughput,556.79,latency,0.01437,1
vgg19,8,50,resnet50,1,throughput,574.478,latency,0.01393,1
vgg19,8,50,resnet50,2,throughput,569.735,latency,0.01404,1
vgg19,8,50,resnet50,4,throughput,562.285,latency,0.01423,1
vgg19,8,50,resnet50,8,throughput,558.038,latency,0.01434,1
vgg19,8,50,resnet50,16,throughput,548.113,latency,0.0146,1
vgg19,8,50,resnet50,32,throughput,546.249,latency,0.01465,1
vgg19,8,50,resnet50,64,throughput,540.942,latency,0.01479,1
vgg19,8,60,vgg19,1,throughput,688.072,latency,0.01163,1
vgg19,8,60,vgg19,2,throughput,683.181,latency,0.01171,1
vgg19,8,60,vgg19,4,throughput,684.353,latency,0.01169,1
vgg19,8,60,vgg19,8,throughput,683.687,latency,0.0117,1
vgg19,8,60,vgg19,16,throughput,682.931,latency,0.01171,1
vgg19,8,60,vgg19,32,throughput,681.987,latency,0.01173,1
vgg19,8,60,vgg19,64,throughput,679.717,latency,0.01177,1
vgg19,8,60,resnet50,1,throughput,0,latency,0.01159,1
vgg19,8,60,resnet50,2,throughput,689.992,latency,0.01159,1
vgg19,8,60,resnet50,4,throughput,683.809,latency,0.0117,1
vgg19,8,60,resnet50,8,throughput,679.579,latency,0.01177,1
vgg19,8,60,resnet50,16,throughput,674.783,latency,0.01186,1
vgg19,8,60,resnet50,32,throughput,670.438,latency,0.01193,1
vgg19,8,60,resnet50,64,throughput,664.254,latency,0.01204,1
vgg19,8,80,vgg19,1,throughput,839.663,latency,0.00953,1
vgg19,8,80,vgg19,2,throughput,837.25,latency,0.00956,1
vgg19,8,80,vgg19,4,throughput,838.099,latency,0.00955,1
vgg19,8,80,vgg19,8,throughput,838.849,latency,0.00954,1
vgg19,8,80,vgg19,16,throughput,838.56,latency,0.00954,1
vgg19,8,80,vgg19,32,throughput,836.843,latency,0.00956,1
vgg19,8,80,vgg19,64,throughput,835.092,latency,0.00958,1
vgg19,8,80,resnet50,1,throughput,0,latency,0.00956,1
vgg19,8,80,resnet50,2,throughput,837.151,latency,0.00956,1
vgg19,8,80,resnet50,4,throughput,836.679,latency,0.00956,1
vgg19,8,80,resnet50,8,throughput,835.015,latency,0.00958,1
vgg19,8,80,resnet50,16,throughput,832.908,latency,0.0096,1
vgg19,8,80,resnet50,32,throughput,832.271,latency,0.00961,1
vgg19,8,80,resnet50,64,throughput,829.663,latency,0.00964,1
vgg19,16,20,vgg19,1,throughput,257.062,latency,0.06224,1
vgg19,16,20,vgg19,2,throughput,256.179,latency,0.06246,1
vgg19,16,20,vgg19,4,throughput,254.774,latency,0.0628,1
vgg19,16,20,vgg19,8,throughput,251.678,latency,0.06357,1
vgg19,16,20,vgg19,16,throughput,249.269,latency,0.06419,1
vgg19,16,20,vgg19,32,throughput,246.63,latency,0.06487,1
vgg19,16,20,vgg19,64,throughput,246.286,latency,0.06497,1
vgg19,16,20,resnet50,1,throughput,256.489,latency,0.06238,1
vgg19,16,20,resnet50,2,throughput,261.384,latency,0.06121,1
vgg19,16,20,resnet50,4,throughput,251.188,latency,0.0637,1
vgg19,16,20,resnet50,8,throughput,252.45,latency,0.06338,1
vgg19,16,20,resnet50,16,throughput,246.213,latency,0.06498,1
vgg19,16,20,resnet50,32,throughput,238.789,latency,0.067,1
vgg19,16,20,resnet50,64,throughput,235.41,latency,0.06797,1
vgg19,16,40,vgg19,1,throughput,452.214,latency,0.03538,1
vgg19,16,40,vgg19,2,throughput,449.105,latency,0.03563,1
vgg19,16,40,vgg19,4,throughput,447.114,latency,0.03579,1
vgg19,16,40,vgg19,8,throughput,446.07,latency,0.03587,1
vgg19,16,40,vgg19,16,throughput,443.767,latency,0.03605,1
vgg19,16,40,vgg19,32,throughput,439.145,latency,0.03643,1
vgg19,16,40,vgg19,64,throughput,440.188,latency,0.03635,1
vgg19,16,40,resnet50,1,throughput,460.155,latency,0.03477,1
vgg19,16,40,resnet50,2,throughput,458.032,latency,0.03493,1
vgg19,16,40,resnet50,4,throughput,450.897,latency,0.03548,1
vgg19,16,40,resnet50,8,throughput,445.639,latency,0.0359,1
vgg19,16,40,resnet50,16,throughput,497.67,latency,0.03215,1
vgg19,16,40,resnet50,32,throughput,428.193,latency,0.03737,1
vgg19,16,40,resnet50,64,throughput,425.403,latency,0.03761,1
vgg19,16,50,vgg19,1,throughput,537.404,latency,0.02977,1
vgg19,16,50,vgg19,2,throughput,534.926,latency,0.02991,1
vgg19,16,50,vgg19,4,throughput,535.191,latency,0.0299,1
vgg19,16,50,vgg19,8,throughput,531.402,latency,0.03011,1
vgg19,16,50,vgg19,16,throughput,532.465,latency,0.03005,1
vgg19,16,50,vgg19,32,throughput,528.562,latency,0.03027,1
vgg19,16,50,vgg19,64,throughput,529.022,latency,0.03024,1
vgg19,16,50,resnet50,1,throughput,545.273,latency,0.02934,1
vgg19,16,50,resnet50,2,throughput,541.509,latency,0.02955,1
vgg19,16,50,resnet50,4,throughput,535.683,latency,0.02987,1
vgg19,16,50,resnet50,8,throughput,531.129,latency,0.03012,1
vgg19,16,50,resnet50,16,throughput,522.277,latency,0.03064,1
vgg19,16,50,resnet50,32,throughput,516.032,latency,0.03101,1
vgg19,16,50,resnet50,64,throughput,519.7,latency,0.03079,1
vgg19,16,60,vgg19,1,throughput,619.621,latency,0.02582,1
vgg19,16,60,vgg19,2,throughput,625.909,latency,0.02556,1
vgg19,16,60,vgg19,4,throughput,617.572,latency,0.02591,1
vgg19,16,60,vgg19,8,throughput,615.905,latency,0.02598,1
vgg19,16,60,vgg19,16,throughput,616.586,latency,0.02595,1
vgg19,16,60,vgg19,32,throughput,615.007,latency,0.02602,1
vgg19,16,60,vgg19,64,throughput,613.585,latency,0.02608,1
vgg19,16,60,resnet50,1,throughput,631.232,latency,0.02535,1
vgg19,16,60,resnet50,2,throughput,623.388,latency,0.02567,1
vgg19,16,60,resnet50,4,throughput,616.903,latency,0.02594,1
vgg19,16,60,resnet50,8,throughput,612.434,latency,0.02613,1
vgg19,16,60,resnet50,16,throughput,731.262,latency,0.02188,1
vgg19,16,60,resnet50,32,throughput,608.455,latency,0.0263,1
vgg19,16,60,resnet50,64,throughput,602.604,latency,0.02655,1
vgg19,16,80,vgg19,1,throughput,741.961,latency,0.02156,1
vgg19,16,80,vgg19,2,throughput,742.486,latency,0.02155,1
vgg19,16,80,vgg19,4,throughput,746.294,latency,0.02144,1
vgg19,16,80,vgg19,8,throughput,740.816,latency,0.0216,1
vgg19,16,80,vgg19,16,throughput,739.383,latency,0.02164,1
vgg19,16,80,vgg19,32,throughput,740.802,latency,0.0216,1
vgg19,16,80,vgg19,64,throughput,739.807,latency,0.02163,1
vgg19,16,80,resnet50,1,throughput,0,latency,0.02157,1
vgg19,16,80,resnet50,2,throughput,741.81,latency,0.02157,1
vgg19,16,80,resnet50,4,throughput,739.667,latency,0.02163,1
vgg19,16,80,resnet50,8,throughput,738.56,latency,0.02166,1
vgg19,16,80,resnet50,16,throughput,736.164,latency,0.02173,1
vgg19,16,80,resnet50,32,throughput,740.739,latency,0.0216,1
vgg19,16,80,resnet50,64,throughput,734.995,latency,0.02177,1
vgg19,32,20,vgg19,1,throughput,265.399,latency,0.12057,1
vgg19,32,20,vgg19,2,throughput,264.434,latency,0.12101,1
vgg19,32,20,vgg19,4,throughput,263.457,latency,0.12146,1
vgg19,32,20,vgg19,8,throughput,260.005,latency,0.12307,1
vgg19,32,20,vgg19,16,throughput,257.472,latency,0.12429,1
vgg19,32,20,vgg19,32,throughput,254.674,latency,0.12565,1
vgg19,32,20,vgg19,64,throughput,254.391,latency,0.12579,1
vgg19,32,20,resnet50,1,throughput,271.187,latency,0.118,1
vgg19,32,20,resnet50,2,throughput,269.645,latency,0.11867,1
vgg19,32,20,resnet50,4,throughput,266.18,latency,0.12022,1
vgg19,32,20,resnet50,8,throughput,260.754,latency,0.12272,1
vgg19,32,20,resnet50,16,throughput,254.127,latency,0.12592,1
vgg19,32,20,resnet50,32,throughput,247.418,latency,0.12934,1
vgg19,32,20,resnet50,64,throughput,244.021,latency,0.13114,1
vgg19,32,40,vgg19,1,throughput,534.727,latency,0.05984,1
vgg19,32,40,vgg19,2,throughput,531.166,latency,0.06024,1
vgg19,32,40,vgg19,4,throughput,531.085,latency,0.06025,1
vgg19,32,40,vgg19,8,throughput,528.642,latency,0.06053,1
vgg19,32,40,vgg19,16,throughput,527.34,latency,0.06068,1
vgg19,32,40,vgg19,32,throughput,523.988,latency,0.06107,1
vgg19,32,40,vgg19,64,throughput,524.515,latency,0.06101,1
vgg19,32,40,resnet50,1,throughput,547.206,latency,0.05848,1
vgg19,32,40,resnet50,2,throughput,545.024,latency,0.05871,1
vgg19,32,40,resnet50,4,throughput,536.774,latency,0.05962,1
vgg19,32,40,resnet50,8,throughput,528.643,latency,0.06053,1
vgg19,32,40,resnet50,16,throughput,517.966,latency,0.06178,1
vgg19,32,40,resnet50,32,throughput,510.799,latency,0.06265,1
vgg19,32,40,resnet50,64,throughput,504.817,latency,0.06339,1
vgg19,32,50,vgg19,1,throughput,659.061,latency,0.04855,1
vgg19,32,50,vgg19,2,throughput,656.36,latency,0.04875,1
vgg19,32,50,vgg19,4,throughput,655.686,latency,0.0488,1
vgg19,32,50,vgg19,8,throughput,652.309,latency,0.04906,1
vgg19,32,50,vgg19,16,throughput,650.951,latency,0.04916,1
vgg19,32,50,vgg19,32,throughput,653.254,latency,0.04899,1
vgg19,32,50,vgg19,64,throughput,651.034,latency,0.04915,1
vgg19,32,50,resnet50,1,throughput,668.134,latency,0.04789,1
vgg19,32,50,resnet50,2,throughput,665.068,latency,0.04812,1
vgg19,32,50,resnet50,4,throughput,658.568,latency,0.04859,1
vgg19,32,50,resnet50,8,throughput,652.217,latency,0.04906,1
vgg19,32,50,resnet50,16,throughput,642.065,latency,0.04984,1
vgg19,32,50,resnet50,32,throughput,632.662,latency,0.05058,1
vgg19,32,50,resnet50,64,throughput,628.914,latency,0.05088,1
vgg19,32,60,vgg19,1,throughput,780.101,latency,0.04102,1
vgg19,32,60,vgg19,2,throughput,779.955,latency,0.04103,1
vgg19,32,60,vgg19,4,throughput,777.864,latency,0.04114,1
vgg19,32,60,vgg19,8,throughput,775.796,latency,0.04125,1
vgg19,32,60,vgg19,16,throughput,773.768,latency,0.04136,1
vgg19,32,60,vgg19,32,throughput,774.661,latency,0.04131,1
vgg19,32,60,vgg19,64,throughput,774.787,latency,0.0413,1
vgg19,32,60,resnet50,1,throughput,792.251,latency,0.04039,1
vgg19,32,60,resnet50,2,throughput,785.438,latency,0.04074,1
vgg19,32,60,resnet50,4,throughput,778.586,latency,0.0411,1
vgg19,32,60,resnet50,8,throughput,769.869,latency,0.04157,1
vgg19,32,60,resnet50,16,throughput,765.649,latency,0.04179,1
vgg19,32,60,resnet50,32,throughput,758.333,latency,0.0422,1
vgg19,32,60,resnet50,64,throughput,760.936,latency,0.04205,1
vgg19,32,80,vgg19,1,throughput,982.704,latency,0.03256,1
vgg19,32,80,vgg19,2,throughput,981.25,latency,0.03261,1
vgg19,32,80,vgg19,4,throughput,978.361,latency,0.03271,1
vgg19,32,80,vgg19,8,throughput,980.128,latency,0.03265,1
vgg19,32,80,vgg19,16,throughput,982.894,latency,0.03256,1
vgg19,32,80,vgg19,32,throughput,979.667,latency,0.03266,1
vgg19,32,80,vgg19,64,throughput,978.038,latency,0.03272,1
vgg19,32,80,resnet50,1,throughput,0,latency,0.03264,1
vgg19,32,80,resnet50,2,throughput,980.339,latency,0.03264,1
vgg19,32,80,resnet50,4,throughput,972.332,latency,0.03291,1
vgg19,32,80,resnet50,8,throughput,971.309,latency,0.03295,1
vgg19,32,80,resnet50,16,throughput,966.379,latency,0.03311,1
vgg19,32,80,resnet50,32,throughput,969.948,latency,0.03299,1
vgg19,32,80,resnet50,64,throughput,971.744,latency,0.03293,1
vgg19,64,20,vgg19,1,throughput,261.41,latency,0.24483,1
vgg19,64,20,vgg19,2,throughput,260.877,latency,0.24533,1
vgg19,64,20,vgg19,4,throughput,260.344,latency,0.24583,1
vgg19,64,20,vgg19,8,throughput,258.147,latency,0.24792,1
vgg19,64,20,vgg19,16,throughput,256.027,latency,0.24997,1
vgg19,64,20,vgg19,32,throughput,254.138,latency,0.25183,1
vgg19,64,20,vgg19,64,throughput,254.209,latency,0.25176,1
vgg19,64,20,resnet50,1,throughput,271.908,latency,0.23537,1
vgg19,64,20,resnet50,2,throughput,265.813,latency,0.24077,1
vgg19,64,20,resnet50,4,throughput,261.748,latency,0.24451,1
vgg19,64,20,resnet50,8,throughput,256.975,latency,0.24905,1
vgg19,64,20,resnet50,16,throughput,253.104,latency,0.25286,1
vgg19,64,20,resnet50,32,throughput,247.333,latency,0.25876,1
vgg19,64,20,resnet50,64,throughput,244.906,latency,0.26132,1
vgg19,64,40,vgg19,1,throughput,525.969,latency,0.12168,1
vgg19,64,40,vgg19,2,throughput,524.523,latency,0.12202,1
vgg19,64,40,vgg19,4,throughput,525.397,latency,0.12181,1
vgg19,64,40,vgg19,8,throughput,523.805,latency,0.12218,1
vgg19,64,40,vgg19,16,throughput,522.138,latency,0.12257,1
vgg19,64,40,vgg19,32,throughput,520.359,latency,0.12299,1
vgg19,64,40,vgg19,64,throughput,518.755,latency,0.12337,1
vgg19,64,40,resnet50,1,throughput,535.508,latency,0.11951,1
vgg19,64,40,resnet50,2,throughput,531.808,latency,0.12034,1
vgg19,64,40,resnet50,4,throughput,524.932,latency,0.12192,1
vgg19,64,40,resnet50,8,throughput,519.946,latency,0.12309,1
vgg19,64,40,resnet50,16,throughput,516.05,latency,0.12402,1
vgg19,64,40,resnet50,32,throughput,506.937,latency,0.12625,1
vgg19,64,40,resnet50,64,throughput,503.904,latency,0.12701,1
vgg19,64,50,vgg19,1,throughput,647.803,latency,0.0988,1
vgg19,64,50,vgg19,2,throughput,643.484,latency,0.09946,1
vgg19,64,50,vgg19,4,throughput,641.97,latency,0.09969,1
vgg19,64,50,vgg19,8,throughput,648.631,latency,0.09867,1
vgg19,64,50,vgg19,16,throughput,641.815,latency,0.09972,1
vgg19,64,50,vgg19,32,throughput,646.037,latency,0.09907,1
vgg19,64,50,vgg19,64,throughput,630.337,latency,0.10153,1
vgg19,64,50,resnet50,1,throughput,654.054,latency,0.09785,1
vgg19,64,50,resnet50,2,throughput,649.869,latency,0.09848,1
vgg19,64,50,resnet50,4,throughput,643.812,latency,0.09941,1
vgg19,64,50,resnet50,8,throughput,639.64,latency,0.10006,1
vgg19,64,50,resnet50,16,throughput,631.56,latency,0.10134,1
vgg19,64,50,resnet50,32,throughput,626.01,latency,0.10223,1
vgg19,64,50,resnet50,64,throughput,621.977,latency,0.1029,1
vgg19,64,60,vgg19,1,throughput,756.101,latency,0.08464,1
vgg19,64,60,vgg19,2,throughput,749.173,latency,0.08543,1
vgg19,64,60,vgg19,4,throughput,747.874,latency,0.08558,1
vgg19,64,60,vgg19,8,throughput,744.674,latency,0.08594,1
vgg19,64,60,vgg19,16,throughput,744.106,latency,0.08601,1
vgg19,64,60,vgg19,32,throughput,743.577,latency,0.08607,1
vgg19,64,60,vgg19,64,throughput,747.809,latency,0.08558,1
vgg19,64,60,resnet50,1,throughput,753.519,latency,0.08493,1
vgg19,64,60,resnet50,2,throughput,750.177,latency,0.08531,1
vgg19,64,60,resnet50,4,throughput,745.742,latency,0.08582,1
vgg19,64,60,resnet50,8,throughput,741.755,latency,0.08628,1
vgg19,64,60,resnet50,16,throughput,778.562,latency,0.0822,1
vgg19,64,60,resnet50,32,throughput,737.872,latency,0.08674,1
vgg19,64,60,resnet50,64,throughput,736.553,latency,0.08689,1
vgg19,64,80,vgg19,1,throughput,1000.72,latency,0.06395,1
vgg19,64,80,vgg19,2,throughput,997.417,latency,0.06417,1
vgg19,64,80,vgg19,4,throughput,996.649,latency,0.06422,1
vgg19,64,80,vgg19,8,throughput,996.968,latency,0.06419,1
vgg19,64,80,vgg19,16,throughput,995.063,latency,0.06432,1
vgg19,64,80,vgg19,32,throughput,996.993,latency,0.06419,1
vgg19,64,80,vgg19,64,throughput,995.692,latency,0.06428,1
vgg19,64,80,resnet50,1,throughput,993.187,latency,0.06444,1
vgg19,64,80,resnet50,2,throughput,992.896,latency,0.06446,1
vgg19,64,80,resnet50,4,throughput,996.12,latency,0.06425,1
vgg19,64,80,resnet50,8,throughput,995.297,latency,0.0643,1
vgg19,64,80,resnet50,16,throughput,999.034,latency,0.06406,1
vgg19,64,80,resnet50,32,throughput,995.765,latency,0.06427,1
vgg19,64,80,resnet50,64,throughput,992.088,latency,0.06451,1
resnet50,1,20,vgg19,1,throughput,186.891,latency,0.00535,1
resnet50,1,20,vgg19,2,throughput,184.8,latency,0.00541,1
resnet50,1,20,vgg19,4,throughput,188.104,latency,0.00532,1
resnet50,1,20,vgg19,8,throughput,185.681,latency,0.00539,1
resnet50,1,20,vgg19,16,throughput,189.401,latency,0.00528,1
resnet50,1,20,vgg19,32,throughput,180.798,latency,0.00553,1
resnet50,1,20,vgg19,64,throughput,185.748,latency,0.00538,1
resnet50,1,20,resnet50,1,throughput,191.466,latency,0.00522,1
resnet50,1,20,resnet50,2,throughput,195.457,latency,0.00512,1
resnet50,1,20,resnet50,4,throughput,191.295,latency,0.00523,1
resnet50,1,20,resnet50,8,throughput,186.853,latency,0.00535,1
resnet50,1,20,resnet50,16,throughput,184.927,latency,0.00541,1
resnet50,1,20,resnet50,32,throughput,182.198,latency,0.00549,1
resnet50,1,20,resnet50,64,throughput,179.272,latency,0.00558,1
resnet50,1,40,vgg19,1,throughput,193.609,latency,0.00517,1
resnet50,1,40,vgg19,2,throughput,194.641,latency,0.00514,1
resnet50,1,40,vgg19,4,throughput,197.056,latency,0.00507,1
resnet50,1,40,vgg19,8,throughput,204.071,latency,0.0049,1
resnet50,1,40,vgg19,16,throughput,196.226,latency,0.0051,1
resnet50,1,40,vgg19,32,throughput,199.127,latency,0.00502,1
resnet50,1,40,vgg19,64,throughput,203.23,latency,0.00492,1
resnet50,1,40,resnet50,1,throughput,198.765,latency,0.00503,1
resnet50,1,40,resnet50,2,throughput,198.514,latency,0.00504,1
resnet50,1,40,resnet50,4,throughput,191.982,latency,0.00521,1
resnet50,1,40,resnet50,8,throughput,191.83,latency,0.00521,1
resnet50,1,40,resnet50,16,throughput,190.931,latency,0.00524,1
resnet50,1,40,resnet50,32,throughput,105.603,latency,0.00947,1
resnet50,1,40,resnet50,64,throughput,114.888,latency,0.0087,1
resnet50,1,50,vgg19,1,throughput,184.815,latency,0.00541,1
resnet50,1,50,vgg19,2,throughput,177.961,latency,0.00562,1
resnet50,1,50,vgg19,4,throughput,186.934,latency,0.00535,1
resnet50,1,50,vgg19,8,throughput,194.78,latency,0.00513,1
resnet50,1,50,vgg19,16,throughput,118.407,latency,0.00845,1
resnet50,1,50,vgg19,32,throughput,182.851,latency,0.00547,1
resnet50,1,50,vgg19,64,throughput,105.169,latency,0.00951,1
resnet50,1,50,resnet50,1,throughput,129.45,latency,0.00772,1
resnet50,1,50,resnet50,2,throughput,184.092,latency,0.00543,1
resnet50,1,50,resnet50,4,throughput,185.77,latency,0.00538,1
resnet50,1,50,resnet50,8,throughput,115.514,latency,0.00866,1
resnet50,1,50,resnet50,16,throughput,101.513,latency,0.00985,1
resnet50,1,50,resnet50,32,throughput,190.822,latency,0.00524,1
resnet50,1,50,resnet50,64,throughput,194.201,latency,0.00515,1
resnet50,1,60,vgg19,1,throughput,101.841,latency,0.00982,1
resnet50,1,60,vgg19,2,throughput,190.306,latency,0.00525,1
resnet50,1,60,vgg19,4,throughput,183.157,latency,0.00546,1
resnet50,1,60,vgg19,8,throughput,194.39,latency,0.00514,1
resnet50,1,60,vgg19,16,throughput,192.769,latency,0.00519,1
resnet50,1,60,vgg19,32,throughput,184.545,latency,0.00542,1
resnet50,1,60,vgg19,64,throughput,189.701,latency,0.00527,1
resnet50,1,60,resnet50,1,throughput,117.64,latency,0.0085,1
resnet50,1,60,resnet50,2,throughput,192.295,latency,0.0052,1
resnet50,1,60,resnet50,4,throughput,182.996,latency,0.00546,1
resnet50,1,60,resnet50,8,throughput,106.088,latency,0.00943,1
resnet50,1,60,resnet50,16,throughput,178.529,latency,0.0056,1
resnet50,1,60,resnet50,32,throughput,186.457,latency,0.00536,1
resnet50,1,60,resnet50,64,throughput,196.66,latency,0.00508,1
resnet50,1,80,vgg19,1,throughput,96.4668,latency,0.01037,1
resnet50,1,80,vgg19,2,throughput,197.277,latency,0.00507,1
resnet50,1,80,vgg19,4,throughput,194.281,latency,0.00515,1
resnet50,1,80,vgg19,8,throughput,201.105,latency,0.00497,1
resnet50,1,80,vgg19,16,throughput,194.324,latency,0.00515,1
resnet50,1,80,vgg19,32,throughput,102.993,latency,0.00971,1
resnet50,1,80,vgg19,64,throughput,193.218,latency,0.00518,1
resnet50,1,80,resnet50,1,throughput,190.587,latency,0.00525,1
resnet50,1,80,resnet50,2,throughput,181.568,latency,0.00551,1
resnet50,1,80,resnet50,4,throughput,182.728,latency,0.00547,1
resnet50,1,80,resnet50,8,throughput,188.453,latency,0.00531,1
resnet50,1,80,resnet50,16,throughput,193.081,latency,0.00518,1
resnet50,1,80,resnet50,32,throughput,189.356,latency,0.00528,1
resnet50,1,80,resnet50,64,throughput,194.843,latency,0.00513,1
resnet50,2,20,vgg19,1,throughput,176.88,latency,0.01131,1
resnet50,2,20,vgg19,2,throughput,292.265,latency,0.00684,1
resnet50,2,20,vgg19,4,throughput,291.084,latency,0.00687,1
resnet50,2,20,vgg19,8,throughput,285.528,latency,0.007,1
resnet50,2,20,vgg19,16,throughput,282.399,latency,0.00708,1
resnet50,2,20,vgg19,32,throughput,279.819,latency,0.00715,1
resnet50,2,20,vgg19,64,throughput,279.182,latency,0.00716,1
resnet50,2,20,resnet50,1,throughput,183.162,latency,0.01092,1
resnet50,2,20,resnet50,2,throughput,303.939,latency,0.00658,1
resnet50,2,20,resnet50,4,throughput,176.546,latency,0.01133,1
resnet50,2,20,resnet50,8,throughput,281.987,latency,0.00709,1
resnet50,2,20,resnet50,16,throughput,264.339,latency,0.00757,1
resnet50,2,20,resnet50,32,throughput,162.137,latency,0.01234,1
resnet50,2,20,resnet50,64,throughput,261.138,latency,0.00766,1
resnet50,2,40,vgg19,1,throughput,200.335,latency,0.00998,1
resnet50,2,40,vgg19,2,throughput,379.599,latency,0.00527,1
resnet50,2,40,vgg19,4,throughput,374.652,latency,0.00534,1
resnet50,2,40,vgg19,8,throughput,383.676,latency,0.00521,1
resnet50,2,40,vgg19,16,throughput,219.337,latency,0.00912,1
resnet50,2,40,vgg19,32,throughput,204.102,latency,0.0098,1
resnet50,2,40,vgg19,64,throughput,215.934,latency,0.00926,1
resnet50,2,40,resnet50,1,throughput,205.719,latency,0.00972,1
resnet50,2,40,resnet50,2,throughput,368.373,latency,0.00543,1
resnet50,2,40,resnet50,4,throughput,198.342,latency,0.01008,1
resnet50,2,40,resnet50,8,throughput,367.308,latency,0.00545,1
resnet50,2,40,resnet50,16,throughput,196.411,latency,0.01018,1
resnet50,2,40,resnet50,32,throughput,370.966,latency,0.00539,1
resnet50,2,40,resnet50,64,throughput,372.529,latency,0.00537,1
resnet50,2,50,vgg19,1,throughput,368.976,latency,0.00542,1
resnet50,2,50,vgg19,2,throughput,358.942,latency,0.00557,1
resnet50,2,50,vgg19,4,throughput,203.378,latency,0.00983,1
resnet50,2,50,vgg19,8,throughput,380.695,latency,0.00525,1
resnet50,2,50,vgg19,16,throughput,387.871,latency,0.00516,1
resnet50,2,50,vgg19,32,throughput,202.049,latency,0.0099,1
resnet50,2,50,vgg19,64,throughput,387.946,latency,0.00516,1
resnet50,2,50,resnet50,1,throughput,204.226,latency,0.00979,1
resnet50,2,50,resnet50,2,throughput,200.815,latency,0.00996,1
resnet50,2,50,resnet50,4,throughput,376.66,latency,0.00531,1
resnet50,2,50,resnet50,8,throughput,200.196,latency,0.00999,1
resnet50,2,50,resnet50,16,throughput,202.321,latency,0.00989,1
resnet50,2,50,resnet50,32,throughput,376.233,latency,0.00532,1
resnet50,2,50,resnet50,64,throughput,370.036,latency,0.0054,1
resnet50,2,60,vgg19,1,throughput,378.566,latency,0.00528,1
resnet50,2,60,vgg19,2,throughput,380.451,latency,0.00526,1
resnet50,2,60,vgg19,4,throughput,379.003,latency,0.00528,1
resnet50,2,60,vgg19,8,throughput,386.141,latency,0.00518,1
resnet50,2,60,vgg19,16,throughput,216.563,latency,0.00924,1
resnet50,2,60,vgg19,32,throughput,380.208,latency,0.00526,1
resnet50,2,60,vgg19,64,throughput,379.175,latency,0.00527,1
resnet50,2,60,resnet50,1,throughput,204.72,latency,0.00977,1
resnet50,2,60,resnet50,2,throughput,382.025,latency,0.00524,1
resnet50,2,60,resnet50,4,throughput,372.058,latency,0.00538,1
resnet50,2,60,resnet50,8,throughput,379.562,latency,0.00527,1
resnet50,2,60,resnet50,16,throughput,380.564,latency,0.00526,1
resnet50,2,60,resnet50,32,throughput,387.271,latency,0.00516,1
resnet50,2,60,resnet50,64,throughput,380.642,latency,0.00525,1
resnet50,2,80,vgg19,1,throughput,384.836,latency,0.0052,1
resnet50,2,80,vgg19,2,throughput,219.204,latency,0.00912,1
resnet50,2,80,vgg19,4,throughput,388.424,latency,0.00515,1
resnet50,2,80,vgg19,8,throughput,385.23,latency,0.00519,1
resnet50,2,80,vgg19,16,throughput,221.514,latency,0.00903,1
resnet50,2,80,vgg19,32,throughput,341.899,latency,0.00585,1
resnet50,2,80,vgg19,64,throughput,201.986,latency,0.0099,1
resnet50,2,80,resnet50,1,throughput,202.859,latency,0.00986,1
resnet50,2,80,resnet50,2,throughput,373.01,latency,0.00536,1
resnet50,2,80,resnet50,4,throughput,207.184,latency,0.00965,1
resnet50,2,80,resnet50,8,throughput,203.024,latency,0.00985,1
resnet50,2,80,resnet50,16,throughput,380.047,latency,0.00526,1
resnet50,2,80,resnet50,32,throughput,203.789,latency,0.00981,1
resnet50,2,80,resnet50,64,throughput,200.58,latency,0.00997,1
resnet50,4,20,vgg19,1,throughput,378.945,latency,0.01056,1
resnet50,4,20,vgg19,2,throughput,406.287,latency,0.00985,1
resnet50,4,20,vgg19,4,throughput,372.186,latency,0.01075,1
resnet50,4,20,vgg19,8,throughput,366.046,latency,0.01093,1
resnet50,4,20,vgg19,16,throughput,358.313,latency,0.01116,1
resnet50,4,20,vgg19,32,throughput,357.162,latency,0.0112,1
resnet50,4,20,vgg19,64,throughput,348.674,latency,0.01147,1
resnet50,4,20,resnet50,1,throughput,274.83,latency,0.01455,1
resnet50,4,20,resnet50,2,throughput,271.332,latency,0.01474,1
resnet50,4,20,resnet50,4,throughput,380.324,latency,0.01052,1
resnet50,4,20,resnet50,8,throughput,361.268,latency,0.01107,1
resnet50,4,20,resnet50,16,throughput,283.658,latency,0.0141,1
resnet50,4,20,resnet50,32,throughput,274.452,latency,0.01457,1
resnet50,4,20,resnet50,64,throughput,330.202,latency,0.01211,1
resnet50,4,40,vgg19,1,throughput,644.101,latency,0.00621,1
resnet50,4,40,vgg19,2,throughput,636.6,latency,0.00628,1
resnet50,4,40,vgg19,4,throughput,368.339,latency,0.01086,1
resnet50,4,40,vgg19,8,throughput,627.848,latency,0.00637,1
resnet50,4,40,vgg19,16,throughput,642.377,latency,0.00623,1
resnet50,4,40,vgg19,32,throughput,688.776,latency,0.00581,1
resnet50,4,40,vgg19,64,throughput,630.489,latency,0.00634,1
resnet50,4,40,resnet50,1,throughput,670.475,latency,0.00597,1
resnet50,4,40,resnet50,2,throughput,651.273,latency,0.00614,1
resnet50,4,40,resnet50,4,throughput,637.754,latency,0.00627,1
resnet50,4,40,resnet50,8,throughput,616.876,latency,0.00648,1
resnet50,4,40,resnet50,16,throughput,613.181,latency,0.00652,1
resnet50,4,40,resnet50,32,throughput,604.317,latency,0.00662,1
resnet50,4,40,resnet50,64,throughput,579.889,latency,0.0069,1
resnet50,4,50,vgg19,1,throughput,710.216,latency,0.00563,1
resnet50,4,50,vgg19,2,throughput,715.037,latency,0.00559,1
resnet50,4,50,vgg19,4,throughput,693.897,latency,0.00576,1
resnet50,4,50,vgg19,8,throughput,388.163,latency,0.0103,1
resnet50,4,50,vgg19,16,throughput,537.345,latency,0.00744,1
resnet50,4,50,vgg19,32,throughput,712.335,latency,0.00562,1
resnet50,4,50,vgg19,64,throughput,384.928,latency,0.01039,1
resnet50,4,50,resnet50,1,throughput,399.274,latency,0.01002,1
resnet50,4,50,resnet50,2,throughput,396.608,latency,0.01009,1
resnet50,4,50,resnet50,4,throughput,701.815,latency,0.0057,1
resnet50,4,50,resnet50,8,throughput,690.702,latency,0.00579,1
resnet50,4,50,resnet50,16,throughput,680.025,latency,0.00588,1
resnet50,4,50,resnet50,32,throughput,385.594,latency,0.01037,1
resnet50,4,50,resnet50,64,throughput,660.982,latency,0.00605,1
resnet50,4,60,vgg19,1,throughput,399.483,latency,0.01001,1
resnet50,4,60,vgg19,2,throughput,752.156,latency,0.00532,1
resnet50,4,60,vgg19,4,throughput,740.108,latency,0.0054,1
resnet50,4,60,vgg19,8,throughput,739.857,latency,0.00541,1
resnet50,4,60,vgg19,16,throughput,744.187,latency,0.00537,1
resnet50,4,60,vgg19,32,throughput,762.654,latency,0.00524,1
resnet50,4,60,vgg19,64,throughput,729.931,latency,0.00548,1
resnet50,4,60,resnet50,1,throughput,735.346,latency,0.00544,1
resnet50,4,60,resnet50,2,throughput,741.382,latency,0.0054,1
resnet50,4,60,resnet50,4,throughput,731.186,latency,0.00547,1
resnet50,4,60,resnet50,8,throughput,745.806,latency,0.00536,1
resnet50,4,60,resnet50,16,throughput,745.786,latency,0.00536,1
resnet50,4,60,resnet50,32,throughput,398.725,latency,0.01003,1
resnet50,4,60,resnet50,64,throughput,724.357,latency,0.00552,1
resnet50,4,80,vgg19,1,throughput,726.344,latency,0.00551,1
resnet50,4,80,vgg19,2,throughput,751.667,latency,0.00532,1
resnet50,4,80,vgg19,4,throughput,435.3,latency,0.00919,1
resnet50,4,80,vgg19,8,throughput,734.341,latency,0.00545,1
resnet50,4,80,vgg19,16,throughput,736.725,latency,0.00543,1
resnet50,4,80,vgg19,32,throughput,766.007,latency,0.00522,1
resnet50,4,80,vgg19,64,throughput,771.462,latency,0.00518,1
resnet50,4,80,resnet50,1,throughput,407.831,latency,0.00981,1
resnet50,4,80,resnet50,2,throughput,748.674,latency,0.00534,1
resnet50,4,80,resnet50,4,throughput,763.503,latency,0.00524,1
resnet50,4,80,resnet50,8,throughput,732.388,latency,0.00546,1
resnet50,4,80,resnet50,16,throughput,760.321,latency,0.00526,1
resnet50,4,80,resnet50,32,throughput,755.945,latency,0.00529,1
resnet50,4,80,resnet50,64,throughput,747.77,latency,0.00535,1
resnet50,8,20,vgg19,1,throughput,365.155,latency,0.02191,1
resnet50,8,20,vgg19,2,throughput,448.89,latency,0.01782,1
resnet50,8,20,vgg19,4,throughput,451.742,latency,0.01771,1
resnet50,8,20,vgg19,8,throughput,351.589,latency,0.02275,1
resnet50,8,20,vgg19,16,throughput,435.868,latency,0.01835,1
resnet50,8,20,vgg19,32,throughput,344.808,latency,0.0232,1
resnet50,8,20,vgg19,64,throughput,471.896,latency,0.01695,1
resnet50,8,20,resnet50,1,throughput,482.939,latency,0.01657,1
resnet50,8,20,resnet50,2,throughput,475.881,latency,0.01681,1
resnet50,8,20,resnet50,4,throughput,461.564,latency,0.01733,1
resnet50,8,20,resnet50,8,throughput,443.54,latency,0.01804,1
resnet50,8,20,resnet50,16,throughput,429.201,latency,0.01864,1
resnet50,8,20,resnet50,32,throughput,418.755,latency,0.0191,1
resnet50,8,20,resnet50,64,throughput,409.658,latency,0.01953,1
resnet50,8,40,vgg19,1,throughput,560.733,latency,0.01427,1
resnet50,8,40,vgg19,2,throughput,822.774,latency,0.00972,1
resnet50,8,40,vgg19,4,throughput,549.34,latency,0.01456,1
resnet50,8,40,vgg19,8,throughput,796.456,latency,0.01004,1
resnet50,8,40,vgg19,16,throughput,871.864,latency,0.00918,1
resnet50,8,40,vgg19,32,throughput,549.386,latency,0.01456,1
resnet50,8,40,vgg19,64,throughput,542.405,latency,0.01475,1
resnet50,8,40,resnet50,1,throughput,847.709,latency,0.00944,1
resnet50,8,40,resnet50,2,throughput,575.925,latency,0.01389,1
resnet50,8,40,resnet50,4,throughput,813.871,latency,0.00983,1
resnet50,8,40,resnet50,8,throughput,789.023,latency,0.01014,1
resnet50,8,40,resnet50,16,throughput,791.866,latency,0.0101,1
resnet50,8,40,resnet50,32,throughput,763.266,latency,0.01048,1
resnet50,8,40,resnet50,64,throughput,523.973,latency,0.01527,1
resnet50,8,50,vgg19,1,throughput,943.116,latency,0.00848,1
resnet50,8,50,vgg19,2,throughput,927.407,latency,0.00863,1
resnet50,8,50,vgg19,4,throughput,924.736,latency,0.00865,1
resnet50,8,50,vgg19,8,throughput,908.878,latency,0.0088,1
resnet50,8,50,vgg19,16,throughput,601.006,latency,0.01331,1
resnet50,8,50,vgg19,32,throughput,598.646,latency,0.01336,1
resnet50,8,50,vgg19,64,throughput,651.55,latency,0.01228,1
resnet50,8,50,resnet50,1,throughput,623.054,latency,0.01284,1
resnet50,8,50,resnet50,2,throughput,613.653,latency,0.01304,1
resnet50,8,50,resnet50,4,throughput,605.696,latency,0.01321,1
resnet50,8,50,resnet50,8,throughput,592.139,latency,0.01351,1
resnet50,8,50,resnet50,16,throughput,592.171,latency,0.01351,1
resnet50,8,50,resnet50,32,throughput,870.655,latency,0.00919,1
resnet50,8,50,resnet50,64,throughput,577.155,latency,0.01386,1
resnet50,8,60,vgg19,1,throughput,678.36,latency,0.01179,1
resnet50,8,60,vgg19,2,throughput,679.943,latency,0.01177,1
resnet50,8,60,vgg19,4,throughput,1071.8,latency,0.00746,1
resnet50,8,60,vgg19,8,throughput,673.588,latency,0.01188,1
resnet50,8,60,vgg19,16,throughput,1066.66,latency,0.0075,1
resnet50,8,60,vgg19,32,throughput,663.342,latency,0.01206,1
resnet50,8,60,vgg19,64,throughput,1099.72,latency,0.00727,1
resnet50,8,60,resnet50,1,throughput,689.706,latency,0.0116,1
resnet50,8,60,resnet50,2,throughput,672.712,latency,0.01189,1
resnet50,8,60,resnet50,4,throughput,666.85,latency,0.012,1
resnet50,8,60,resnet50,8,throughput,1052.1,latency,0.0076,1
resnet50,8,60,resnet50,16,throughput,646.256,latency,0.01238,1
resnet50,8,60,resnet50,32,throughput,1027.47,latency,0.00779,1
resnet50,8,60,resnet50,64,throughput,1040.68,latency,0.00769,1
resnet50,8,80,vgg19,1,throughput,757.641,latency,0.01056,1
resnet50,8,80,vgg19,2,throughput,1300.12,latency,0.00615,1
resnet50,8,80,vgg19,4,throughput,1259.96,latency,0.00635,1
resnet50,8,80,vgg19,8,throughput,1265.16,latency,0.00632,1
resnet50,8,80,vgg19,16,throughput,1207.02,latency,0.00663,1
resnet50,8,80,vgg19,32,throughput,1296.35,latency,0.00617,1
resnet50,8,80,vgg19,64,throughput,1239.21,latency,0.00646,1
resnet50,8,80,resnet50,1,throughput,741.1,latency,0.01079,1
resnet50,8,80,resnet50,2,throughput,741.905,latency,0.01078,1
resnet50,8,80,resnet50,4,throughput,738.223,latency,0.01084,1
resnet50,8,80,resnet50,8,throughput,739.245,latency,0.01082,1
resnet50,8,80,resnet50,16,throughput,720.155,latency,0.01111,1
resnet50,8,80,resnet50,32,throughput,1247.34,latency,0.00641,1
resnet50,8,80,resnet50,64,throughput,721.409,latency,0.01109,1
resnet50,16,20,vgg19,1,throughput,515.565,latency,0.03103,1
resnet50,16,20,vgg19,2,throughput,508.966,latency,0.03144,1
resnet50,16,20,vgg19,4,throughput,508.705,latency,0.03145,1
resnet50,16,20,vgg19,8,throughput,500.193,latency,0.03199,1
resnet50,16,20,vgg19,16,throughput,491.21,latency,0.03257,1
resnet50,16,20,vgg19,32,throughput,488.149,latency,0.03278,1
resnet50,16,20,vgg19,64,throughput,489.563,latency,0.03268,1
resnet50,16,20,resnet50,1,throughput,468.913,latency,0.03412,1
resnet50,16,20,resnet50,2,throughput,531.559,latency,0.0301,1
resnet50,16,20,resnet50,4,throughput,517.203,latency,0.03094,1
resnet50,16,20,resnet50,8,throughput,500.4,latency,0.03197,1
resnet50,16,20,resnet50,16,throughput,486.067,latency,0.03292,1
resnet50,16,20,resnet50,32,throughput,469.239,latency,0.0341,1
resnet50,16,20,resnet50,64,throughput,466.99,latency,0.03426,1
resnet50,16,40,vgg19,1,throughput,945.809,latency,0.01692,1
resnet50,16,40,vgg19,2,throughput,930.873,latency,0.01719,1
resnet50,16,40,vgg19,4,throughput,936.362,latency,0.01709,1
resnet50,16,40,vgg19,8,throughput,939.167,latency,0.01704,1
resnet50,16,40,vgg19,16,throughput,926.644,latency,0.01727,1
resnet50,16,40,vgg19,32,throughput,919.918,latency,0.01739,1
resnet50,16,40,vgg19,64,throughput,950.018,latency,0.01684,1
resnet50,16,40,resnet50,1,throughput,985.914,latency,0.01623,1
resnet50,16,40,resnet50,2,throughput,981.688,latency,0.0163,1
resnet50,16,40,resnet50,4,throughput,947.775,latency,0.01688,1
resnet50,16,40,resnet50,8,throughput,934.993,latency,0.01711,1
resnet50,16,40,resnet50,16,throughput,898.643,latency,0.0178,1
resnet50,16,40,resnet50,32,throughput,894.074,latency,0.0179,1
resnet50,16,40,resnet50,64,throughput,872.778,latency,0.01833,1
resnet50,16,50,vgg19,1,throughput,835.003,latency,0.01916,1
resnet50,16,50,vgg19,2,throughput,826.71,latency,0.01935,1
resnet50,16,50,vgg19,4,throughput,1089.64,latency,0.01468,1
resnet50,16,50,vgg19,8,throughput,817.425,latency,0.01957,1
resnet50,16,50,vgg19,16,throughput,1092,latency,0.01465,1
resnet50,16,50,vgg19,32,throughput,816.664,latency,0.01959,1
resnet50,16,50,vgg19,64,throughput,820.197,latency,0.01951,1
resnet50,16,50,resnet50,1,throughput,857.055,latency,0.01867,1
resnet50,16,50,resnet50,2,throughput,847.379,latency,0.01888,1
resnet50,16,50,resnet50,4,throughput,1095.4,latency,0.01461,1
resnet50,16,50,resnet50,8,throughput,818.615,latency,0.01955,1
resnet50,16,50,resnet50,16,throughput,799.763,latency,0.02001,1
resnet50,16,50,resnet50,32,throughput,785.826,latency,0.02036,1
resnet50,16,50,resnet50,64,throughput,790.331,latency,0.02024,1
resnet50,16,60,vgg19,1,throughput,1287.43,latency,0.01243,1
resnet50,16,60,vgg19,2,throughput,1289.46,latency,0.01241,1
resnet50,16,60,vgg19,4,throughput,1285,latency,0.01245,1
resnet50,16,60,vgg19,8,throughput,1283.41,latency,0.01247,1
resnet50,16,60,vgg19,16,throughput,1286.82,latency,0.01243,1
resnet50,16,60,vgg19,32,throughput,1268.14,latency,0.01262,1
resnet50,16,60,vgg19,64,throughput,1273.7,latency,0.01256,1
resnet50,16,60,resnet50,1,throughput,1326.57,latency,0.01206,1
resnet50,16,60,resnet50,2,throughput,1308.76,latency,0.01223,1
resnet50,16,60,resnet50,4,throughput,1305.68,latency,0.01225,1
resnet50,16,60,resnet50,8,throughput,1294.06,latency,0.01236,1
resnet50,16,60,resnet50,16,throughput,1263.77,latency,0.01266,1
resnet50,16,60,resnet50,32,throughput,1267.78,latency,0.01262,1
resnet50,16,60,resnet50,64,throughput,1235.04,latency,0.01296,1
resnet50,16,80,vgg19,1,throughput,1061.05,latency,0.01508,1
resnet50,16,80,vgg19,2,throughput,1541.21,latency,0.01038,1
resnet50,16,80,vgg19,4,throughput,1053.07,latency,0.01519,1
resnet50,16,80,vgg19,8,throughput,1508.82,latency,0.0106,1
resnet50,16,80,vgg19,16,throughput,1064.14,latency,0.01504,1
resnet50,16,80,vgg19,32,throughput,1102.01,latency,0.01452,1
resnet50,16,80,vgg19,64,throughput,1042.93,latency,0.01534,1
resnet50,16,80,resnet50,1,throughput,1510.03,latency,0.0106,1
resnet50,16,80,resnet50,2,throughput,1056.35,latency,0.01515,1
resnet50,16,80,resnet50,4,throughput,1051.58,latency,0.01522,1
resnet50,16,80,resnet50,8,throughput,1053.97,latency,0.01518,1
resnet50,16,80,resnet50,16,throughput,1505.49,latency,0.01063,1
resnet50,16,80,resnet50,32,throughput,1270.51,latency,0.01259,1
resnet50,16,80,resnet50,64,throughput,1031.3,latency,0.01551,1
resnet50,32,20,vgg19,1,throughput,570.745,latency,0.05607,1
resnet50,32,20,vgg19,2,throughput,570.738,latency,0.05607,1
resnet50,32,20,vgg19,4,throughput,569.196,latency,0.05622,1
resnet50,32,20,vgg19,8,throughput,559.367,latency,0.05721,1
resnet50,32,20,vgg19,16,throughput,554.919,latency,0.05767,1
resnet50,32,20,vgg19,32,throughput,546.646,latency,0.05854,1
resnet50,32,20,vgg19,64,throughput,546.421,latency,0.05856,1
resnet50,32,20,resnet50,1,throughput,596.629,latency,0.05363,1
resnet50,32,20,resnet50,2,throughput,591.196,latency,0.05413,1
resnet50,32,20,resnet50,4,throughput,578.602,latency,0.05531,1
resnet50,32,20,resnet50,8,throughput,560.749,latency,0.05707,1
resnet50,32,20,resnet50,16,throughput,543.535,latency,0.05887,1
resnet50,32,20,resnet50,32,throughput,524.982,latency,0.06095,1
resnet50,32,20,resnet50,64,throughput,480.775,latency,0.06656,1
resnet50,32,40,vgg19,1,throughput,1076.29,latency,0.02973,1
resnet50,32,40,vgg19,2,throughput,1065.37,latency,0.03004,1
resnet50,32,40,vgg19,4,throughput,1058.97,latency,0.03022,1
resnet50,32,40,vgg19,8,throughput,983.702,latency,0.03253,1
resnet50,32,40,vgg19,16,throughput,1035.16,latency,0.03091,1
resnet50,32,40,vgg19,32,throughput,939.693,latency,0.03405,1
resnet50,32,40,vgg19,64,throughput,895.254,latency,0.03574,1
resnet50,32,40,resnet50,1,throughput,1112.77,latency,0.02876,1
resnet50,32,40,resnet50,2,throughput,1104.6,latency,0.02897,1
resnet50,32,40,resnet50,4,throughput,1082.07,latency,0.02957,1
resnet50,32,40,resnet50,8,throughput,1057.1,latency,0.03027,1
resnet50,32,40,resnet50,16,throughput,1034.47,latency,0.03093,1
resnet50,32,40,resnet50,32,throughput,1002.32,latency,0.03193,1
resnet50,32,40,resnet50,64,throughput,990.583,latency,0.0323,1
resnet50,32,50,vgg19,1,throughput,1231.51,latency,0.02598,1
resnet50,32,50,vgg19,2,throughput,1240.84,latency,0.02579,1
resnet50,32,50,vgg19,4,throughput,1245.57,latency,0.02569,1
resnet50,32,50,vgg19,8,throughput,1239.75,latency,0.02581,1
resnet50,32,50,vgg19,16,throughput,1235.36,latency,0.0259,1
resnet50,32,50,vgg19,32,throughput,1230.32,latency,0.02601,1
resnet50,32,50,vgg19,64,throughput,1242.15,latency,0.02576,1
resnet50,32,50,resnet50,1,throughput,1282.91,latency,0.02494,1
resnet50,32,50,resnet50,2,throughput,1271.37,latency,0.02517,1
resnet50,32,50,resnet50,4,throughput,1255.41,latency,0.02549,1
resnet50,32,50,resnet50,8,throughput,1245.7,latency,0.02569,1
resnet50,32,50,resnet50,16,throughput,1009.33,latency,0.0317,1
resnet50,32,50,resnet50,32,throughput,1204.48,latency,0.02657,1
resnet50,32,50,resnet50,64,throughput,1194.96,latency,0.02678,1
resnet50,32,60,vgg19,1,throughput,1493.37,latency,0.02143,1
resnet50,32,60,vgg19,2,throughput,1221.92,latency,0.02619,1
resnet50,32,60,vgg19,4,throughput,1436.61,latency,0.02227,1
resnet50,32,60,vgg19,8,throughput,1477.76,latency,0.02165,1
resnet50,32,60,vgg19,16,throughput,1461.76,latency,0.02189,1
resnet50,32,60,vgg19,32,throughput,1459.65,latency,0.02192,1
resnet50,32,60,vgg19,64,throughput,1469.97,latency,0.02177,1
resnet50,32,60,resnet50,1,throughput,1507.32,latency,0.02123,1
resnet50,32,60,resnet50,2,throughput,1493.53,latency,0.02143,1
resnet50,32,60,resnet50,4,throughput,1182.44,latency,0.02706,1
resnet50,32,60,resnet50,8,throughput,1452.05,latency,0.02204,1
resnet50,32,60,resnet50,16,throughput,1159.76,latency,0.02759,1
resnet50,32,60,resnet50,32,throughput,1405.43,latency,0.02277,1
resnet50,32,60,resnet50,64,throughput,1400.73,latency,0.02285,1
resnet50,32,80,vgg19,1,throughput,1756.82,latency,0.01821,1
resnet50,32,80,vgg19,2,throughput,1739.09,latency,0.0184,1
resnet50,32,80,vgg19,4,throughput,1756.48,latency,0.01822,1
resnet50,32,80,vgg19,8,throughput,1692.06,latency,0.01891,1
resnet50,32,80,vgg19,16,throughput,1751.22,latency,0.01827,1
resnet50,32,80,vgg19,32,throughput,1759.47,latency,0.01819,1
resnet50,32,80,vgg19,64,throughput,1516,latency,0.02111,1
resnet50,32,80,resnet50,1,throughput,1748.73,latency,0.0183,1
resnet50,32,80,resnet50,2,throughput,1727.13,latency,0.01853,1
resnet50,32,80,resnet50,4,throughput,1731.34,latency,0.01848,1
resnet50,32,80,resnet50,8,throughput,1735.46,latency,0.01844,1
resnet50,32,80,resnet50,16,throughput,1728.91,latency,0.01851,1
resnet50,32,80,resnet50,32,throughput,1712.37,latency,0.01869,1
resnet50,32,80,resnet50,64,throughput,1703.31,latency,0.01879,1
resnet50,64,20,vgg19,1,throughput,591.722,latency,0.10816,1
resnet50,64,20,vgg19,2,throughput,589.212,latency,0.10862,1
resnet50,64,20,vgg19,4,throughput,585.323,latency,0.10934,1
resnet50,64,20,vgg19,8,throughput,578.082,latency,0.11071,1
resnet50,64,20,vgg19,16,throughput,575.257,latency,0.11125,1
resnet50,64,20,vgg19,32,throughput,572.15,latency,0.11186,1
resnet50,64,20,vgg19,64,throughput,573.139,latency,0.11167,1
resnet50,64,20,resnet50,1,throughput,615.595,latency,0.10396,1
resnet50,64,20,resnet50,2,throughput,608.704,latency,0.10514,1
resnet50,64,20,resnet50,4,throughput,592.945,latency,0.10794,1
resnet50,64,20,resnet50,8,throughput,581.219,latency,0.11011,1
resnet50,64,20,resnet50,16,throughput,568.069,latency,0.11266,1
resnet50,64,20,resnet50,32,throughput,546.826,latency,0.11704,1
resnet50,64,20,resnet50,64,throughput,540.703,latency,0.11836,1
resnet50,64,40,vgg19,1,throughput,1065.88,latency,0.06004,1
resnet50,64,40,vgg19,2,throughput,1060.54,latency,0.06035,1
resnet50,64,40,vgg19,4,throughput,1060.88,latency,0.06033,1
resnet50,64,40,vgg19,8,throughput,1059.19,latency,0.06042,1
resnet50,64,40,vgg19,16,throughput,1053.95,latency,0.06072,1
resnet50,64,40,vgg19,32,throughput,1130,latency,0.05664,1
resnet50,64,40,vgg19,64,throughput,1057.99,latency,0.06049,1
resnet50,64,40,resnet50,1,throughput,1196.23,latency,0.0535,1
resnet50,64,40,resnet50,2,throughput,1087.43,latency,0.05885,1
resnet50,64,40,resnet50,4,throughput,1071.34,latency,0.05974,1
resnet50,64,40,resnet50,8,throughput,1054.55,latency,0.06069,1
resnet50,64,40,resnet50,16,throughput,1033.05,latency,0.06195,1
resnet50,64,40,resnet50,32,throughput,1040.83,latency,0.06149,1
resnet50,64,40,resnet50,64,throughput,1005.48,latency,0.06365,1
resnet50,64,50,vgg19,1,throughput,1354.16,latency,0.04726,1
resnet50,64,50,vgg19,2,throughput,1235.82,latency,0.05179,1
resnet50,64,50,vgg19,4,throughput,1235.54,latency,0.0518,1
resnet50,64,50,vgg19,8,throughput,1209.94,latency,0.0529,1
resnet50,64,50,vgg19,16,throughput,1256.46,latency,0.05094,1
resnet50,64,50,vgg19,32,throughput,1255.52,latency,0.05097,1
resnet50,64,50,vgg19,64,throughput,1341.21,latency,0.04772,1
resnet50,64,50,resnet50,1,throughput,1379.42,latency,0.0464,1
resnet50,64,50,resnet50,2,throughput,1375.73,latency,0.04652,1
resnet50,64,50,resnet50,4,throughput,1340.78,latency,0.04773,1
resnet50,64,50,resnet50,8,throughput,1328.34,latency,0.04818,1
resnet50,64,50,resnet50,16,throughput,1305.38,latency,0.04903,1
resnet50,64,50,resnet50,32,throughput,1284.49,latency,0.04983,1
resnet50,64,50,resnet50,64,throughput,1286.71,latency,0.04974,1
resnet50,64,60,vgg19,1,throughput,1598.57,latency,0.04004,1
resnet50,64,60,vgg19,2,throughput,1422.94,latency,0.04498,1
resnet50,64,60,vgg19,4,throughput,1586.01,latency,0.04035,1
resnet50,64,60,vgg19,8,throughput,1422.4,latency,0.04499,1
resnet50,64,60,vgg19,16,throughput,1471.57,latency,0.04349,1
resnet50,64,60,vgg19,32,throughput,1579.32,latency,0.04052,1
resnet50,64,60,vgg19,64,throughput,1581.57,latency,0.04047,1
resnet50,64,60,resnet50,1,throughput,1615.91,latency,0.03961,1
resnet50,64,60,resnet50,2,throughput,1609.96,latency,0.03975,1
resnet50,64,60,resnet50,4,throughput,1575.31,latency,0.04063,1
resnet50,64,60,resnet50,8,throughput,1553.97,latency,0.04118,1
resnet50,64,60,resnet50,16,throughput,1540.42,latency,0.04155,1
resnet50,64,60,resnet50,32,throughput,1523.19,latency,0.04202,1
resnet50,64,60,resnet50,64,throughput,1517.6,latency,0.04217,1
resnet50,64,80,vgg19,1,throughput,1867.51,latency,0.03427,1
resnet50,64,80,vgg19,2,throughput,1859.94,latency,0.03441,1
resnet50,64,80,vgg19,4,throughput,1629.4,latency,0.03928,1
resnet50,64,80,vgg19,8,throughput,1669.65,latency,0.03833,1
resnet50,64,80,vgg19,16,throughput,1629.4,latency,0.03928,1
resnet50,64,80,vgg19,32,throughput,1868.31,latency,0.03426,1
resnet50,64,80,vgg19,64,throughput,1716.61,latency,0.03728,1
resnet50,64,80,resnet50,1,throughput,1871.01,latency,0.03421,1
resnet50,64,80,resnet50,2,throughput,1861.35,latency,0.03438,1
resnet50,64,80,resnet50,4,throughput,1854.9,latency,0.0345,1
resnet50,64,80,resnet50,8,throughput,1846.95,latency,0.03465,1
resnet50,64,80,resnet50,16,throughput,1865.65,latency,0.0343,1
resnet50,64,80,resnet50,32,throughput,1861.18,latency,0.03439,1
resnet50,64,80,resnet50,64,throughput,1868.64,latency,0.03425,1
