resnet50,1,20,vgg19,1,throughput,186.891,latency,0.00535,1
resnet50,1,20,vgg19,2,throughput,184.8,latency,0.00541,1
resnet50,1,20,vgg19,4,throughput,188.104,latency,0.00532,1
resnet50,1,20,vgg19,8,throughput,185.681,latency,0.00539,1
resnet50,1,20,vgg19,16,throughput,189.401,latency,0.00528,1
resnet50,1,20,vgg19,32,throughput,180.798,latency,0.00553,1
resnet50,1,20,vgg19,64,throughput,185.748,latency,0.00538,1
resnet50,1,20,resnet50,1,throughput,191.466,latency,0.00522,1
resnet50,1,20,resnet50,2,throughput,195.457,latency,0.00512,1
resnet50,1,20,resnet50,4,throughput,191.295,latency,0.00523,1
resnet50,1,20,resnet50,8,throughput,186.853,latency,0.00535,1
resnet50,1,20,resnet50,16,throughput,184.927,latency,0.00541,1
resnet50,1,20,resnet50,32,throughput,182.198,latency,0.00549,1
resnet50,1,20,resnet50,64,throughput,179.272,latency,0.00558,1
resnet50,1,40,vgg19,1,throughput,193.609,latency,0.00517,1
resnet50,1,40,vgg19,2,throughput,194.641,latency,0.00514,1
resnet50,1,40,vgg19,4,throughput,197.056,latency,0.00507,1
resnet50,1,40,vgg19,8,throughput,204.071,latency,0.0049,1
resnet50,1,40,vgg19,16,throughput,196.226,latency,0.0051,1
resnet50,1,40,vgg19,32,throughput,199.127,latency,0.00502,1
resnet50,1,40,vgg19,64,throughput,203.23,latency,0.00492,1
resnet50,1,40,resnet50,1,throughput,198.765,latency,0.00503,1
resnet50,1,40,resnet50,2,throughput,198.514,latency,0.00504,1
resnet50,1,40,resnet50,4,throughput,191.982,latency,0.00521,1
resnet50,1,40,resnet50,8,throughput,191.83,latency,0.00521,1
resnet50,1,40,resnet50,16,throughput,190.931,latency,0.00524,1
resnet50,1,40,resnet50,32,throughput,105.603,latency,0.00947,1
resnet50,1,40,resnet50,64,throughput,114.888,latency,0.0087,1
resnet50,1,50,vgg19,1,throughput,184.815,latency,0.00541,1
resnet50,1,50,vgg19,2,throughput,177.961,latency,0.00562,1
resnet50,1,50,vgg19,4,throughput,186.934,latency,0.00535,1
resnet50,1,50,vgg19,8,throughput,194.78,latency,0.00513,1
resnet50,1,50,vgg19,16,throughput,118.407,latency,0.00845,1
resnet50,1,50,vgg19,32,throughput,182.851,latency,0.00547,1
resnet50,1,50,vgg19,64,throughput,105.169,latency,0.00951,1
resnet50,1,50,resnet50,1,throughput,129.45,latency,0.00772,1
resnet50,1,50,resnet50,2,throughput,184.092,latency,0.00543,1
resnet50,1,50,resnet50,4,throughput,185.77,latency,0.00538,1
resnet50,1,50,resnet50,8,throughput,115.514,latency,0.00866,1
resnet50,1,50,resnet50,16,throughput,101.513,latency,0.00985,1
resnet50,1,50,resnet50,32,throughput,190.822,latency,0.00524,1
resnet50,1,50,resnet50,64,throughput,194.201,latency,0.00515,1
resnet50,1,60,vgg19,1,throughput,101.841,latency,0.00982,1
resnet50,1,60,vgg19,2,throughput,190.306,latency,0.00525,1
resnet50,1,60,vgg19,4,throughput,183.157,latency,0.00546,1
resnet50,1,60,vgg19,8,throughput,194.39,latency,0.00514,1
resnet50,1,60,vgg19,16,throughput,192.769,latency,0.00519,1
resnet50,1,60,vgg19,32,throughput,184.545,latency,0.00542,1
resnet50,1,60,vgg19,64,throughput,189.701,latency,0.00527,1
resnet50,1,60,resnet50,1,throughput,117.64,latency,0.0085,1
resnet50,1,60,resnet50,2,throughput,192.295,latency,0.0052,1
resnet50,1,60,resnet50,4,throughput,182.996,latency,0.00546,1
resnet50,1,60,resnet50,8,throughput,106.088,latency,0.00943,1
resnet50,1,60,resnet50,16,throughput,178.529,latency,0.0056,1
resnet50,1,60,resnet50,32,throughput,186.457,latency,0.00536,1
resnet50,1,60,resnet50,64,throughput,196.66,latency,0.00508,1
resnet50,1,80,vgg19,1,throughput,96.4668,latency,0.01037,1
resnet50,1,80,vgg19,2,throughput,197.277,latency,0.00507,1
resnet50,1,80,vgg19,4,throughput,194.281,latency,0.00515,1
resnet50,1,80,vgg19,8,throughput,201.105,latency,0.00497,1
resnet50,1,80,vgg19,16,throughput,194.324,latency,0.00515,1
resnet50,1,80,vgg19,32,throughput,102.993,latency,0.00971,1
resnet50,1,80,vgg19,64,throughput,193.218,latency,0.00518,1
resnet50,1,80,resnet50,1,throughput,190.587,latency,0.00525,1
resnet50,1,80,resnet50,2,throughput,181.568,latency,0.00551,1
resnet50,1,80,resnet50,4,throughput,182.728,latency,0.00547,1
resnet50,1,80,resnet50,8,throughput,188.453,latency,0.00531,1
resnet50,1,80,resnet50,16,throughput,193.081,latency,0.00518,1
resnet50,1,80,resnet50,32,throughput,189.356,latency,0.00528,1
resnet50,1,80,resnet50,64,throughput,194.843,latency,0.00513,1
resnet50,2,20,vgg19,1,throughput,176.88,latency,0.01131,1
resnet50,2,20,vgg19,2,throughput,292.265,latency,0.00684,1
resnet50,2,20,vgg19,4,throughput,291.084,latency,0.00687,1
resnet50,2,20,vgg19,8,throughput,285.528,latency,0.007,1
resnet50,2,20,vgg19,16,throughput,282.399,latency,0.00708,1
resnet50,2,20,vgg19,32,throughput,279.819,latency,0.00715,1
resnet50,2,20,vgg19,64,throughput,279.182,latency,0.00716,1
resnet50,2,20,resnet50,1,throughput,183.162,latency,0.01092,1
resnet50,2,20,resnet50,2,throughput,303.939,latency,0.00658,1
resnet50,2,20,resnet50,4,throughput,176.546,latency,0.01133,1
resnet50,2,20,resnet50,8,throughput,281.987,latency,0.00709,1
resnet50,2,20,resnet50,16,throughput,264.339,latency,0.00757,1
resnet50,2,20,resnet50,32,throughput,162.137,latency,0.01234,1
resnet50,2,20,resnet50,64,throughput,261.138,latency,0.00766,1
resnet50,2,40,vgg19,1,throughput,200.335,latency,0.00998,1
resnet50,2,40,vgg19,2,throughput,379.599,latency,0.00527,1
resnet50,2,40,vgg19,4,throughput,374.652,latency,0.00534,1
resnet50,2,40,vgg19,8,throughput,383.676,latency,0.00521,1
resnet50,2,40,vgg19,16,throughput,219.337,latency,0.00912,1
resnet50,2,40,vgg19,32,throughput,204.102,latency,0.0098,1
resnet50,2,40,vgg19,64,throughput,215.934,latency,0.00926,1
resnet50,2,40,resnet50,1,throughput,205.719,latency,0.00972,1
resnet50,2,40,resnet50,2,throughput,368.373,latency,0.00543,1
resnet50,2,40,resnet50,4,throughput,198.342,latency,0.01008,1
resnet50,2,40,resnet50,8,throughput,367.308,latency,0.00545,1
resnet50,2,40,resnet50,16,throughput,196.411,latency,0.01018,1
resnet50,2,40,resnet50,32,throughput,370.966,latency,0.00539,1
resnet50,2,40,resnet50,64,throughput,372.529,latency,0.00537,1
resnet50,2,50,vgg19,1,throughput,368.976,latency,0.00542,1
resnet50,2,50,vgg19,2,throughput,358.942,latency,0.00557,1
resnet50,2,50,vgg19,4,throughput,203.378,latency,0.00983,1
resnet50,2,50,vgg19,8,throughput,380.695,latency,0.00525,1
resnet50,2,50,vgg19,16,throughput,387.871,latency,0.00516,1
resnet50,2,50,vgg19,32,throughput,202.049,latency,0.0099,1
resnet50,2,50,vgg19,64,throughput,387.946,latency,0.00516,1
resnet50,2,50,resnet50,1,throughput,204.226,latency,0.00979,1
resnet50,2,50,resnet50,2,throughput,200.815,latency,0.00996,1
resnet50,2,50,resnet50,4,throughput,376.66,latency,0.00531,1
resnet50,2,50,resnet50,8,throughput,200.196,latency,0.00999,1
resnet50,2,50,resnet50,16,throughput,202.321,latency,0.00989,1
resnet50,2,50,resnet50,32,throughput,376.233,latency,0.00532,1
resnet50,2,50,resnet50,64,throughput,370.036,latency,0.0054,1
resnet50,2,60,vgg19,1,throughput,378.566,latency,0.00528,1
resnet50,2,60,vgg19,2,throughput,380.451,latency,0.00526,1
resnet50,2,60,vgg19,4,throughput,379.003,latency,0.00528,1
resnet50,2,60,vgg19,8,throughput,386.141,latency,0.00518,1
resnet50,2,60,vgg19,16,throughput,216.563,latency,0.00924,1
resnet50,2,60,vgg19,32,throughput,380.208,latency,0.00526,1
resnet50,2,60,vgg19,64,throughput,379.175,latency,0.00527,1
resnet50,2,60,resnet50,1,throughput,204.72,latency,0.00977,1
resnet50,2,60,resnet50,2,throughput,382.025,latency,0.00524,1
resnet50,2,60,resnet50,4,throughput,372.058,latency,0.00538,1
resnet50,2,60,resnet50,8,throughput,379.562,latency,0.00527,1
resnet50,2,60,resnet50,16,throughput,380.564,latency,0.00526,1
resnet50,2,60,resnet50,32,throughput,387.271,latency,0.00516,1
resnet50,2,60,resnet50,64,throughput,380.642,latency,0.00525,1
resnet50,2,80,vgg19,1,throughput,384.836,latency,0.0052,1
resnet50,2,80,vgg19,2,throughput,219.204,latency,0.00912,1
resnet50,2,80,vgg19,4,throughput,388.424,latency,0.00515,1
resnet50,2,80,vgg19,8,throughput,385.23,latency,0.00519,1
resnet50,2,80,vgg19,16,throughput,221.514,latency,0.00903,1
resnet50,2,80,vgg19,32,throughput,341.899,latency,0.00585,1
resnet50,2,80,vgg19,64,throughput,201.986,latency,0.0099,1
resnet50,2,80,resnet50,1,throughput,202.859,latency,0.00986,1
resnet50,2,80,resnet50,2,throughput,373.01,latency,0.00536,1
resnet50,2,80,resnet50,4,throughput,207.184,latency,0.00965,1
resnet50,2,80,resnet50,8,throughput,203.024,latency,0.00985,1
resnet50,2,80,resnet50,16,throughput,380.047,latency,0.00526,1
resnet50,2,80,resnet50,32,throughput,203.789,latency,0.00981,1
resnet50,2,80,resnet50,64,throughput,200.58,latency,0.00997,1
resnet50,4,20,vgg19,1,throughput,378.945,latency,0.01056,1
resnet50,4,20,vgg19,2,throughput,406.287,latency,0.00985,1
resnet50,4,20,vgg19,4,throughput,372.186,latency,0.01075,1
resnet50,4,20,vgg19,8,throughput,366.046,latency,0.01093,1
resnet50,4,20,vgg19,16,throughput,358.313,latency,0.01116,1
resnet50,4,20,vgg19,32,throughput,357.162,latency,0.0112,1
resnet50,4,20,vgg19,64,throughput,348.674,latency,0.01147,1
resnet50,4,20,resnet50,1,throughput,274.83,latency,0.01455,1
resnet50,4,20,resnet50,2,throughput,271.332,latency,0.01474,1
resnet50,4,20,resnet50,4,throughput,380.324,latency,0.01052,1
resnet50,4,20,resnet50,8,throughput,361.268,latency,0.01107,1
resnet50,4,20,resnet50,16,throughput,283.658,latency,0.0141,1
resnet50,4,20,resnet50,32,throughput,274.452,latency,0.01457,1
resnet50,4,20,resnet50,64,throughput,330.202,latency,0.01211,1
resnet50,4,40,vgg19,1,throughput,644.101,latency,0.00621,1
resnet50,4,40,vgg19,2,throughput,636.6,latency,0.00628,1
resnet50,4,40,vgg19,4,throughput,368.339,latency,0.01086,1
resnet50,4,40,vgg19,8,throughput,627.848,latency,0.00637,1
resnet50,4,40,vgg19,16,throughput,642.377,latency,0.00623,1
resnet50,4,40,vgg19,32,throughput,688.776,latency,0.00581,1
resnet50,4,40,vgg19,64,throughput,630.489,latency,0.00634,1
resnet50,4,40,resnet50,1,throughput,670.475,latency,0.00597,1
resnet50,4,40,resnet50,2,throughput,651.273,latency,0.00614,1
resnet50,4,40,resnet50,4,throughput,637.754,latency,0.00627,1
resnet50,4,40,resnet50,8,throughput,616.876,latency,0.00648,1
resnet50,4,40,resnet50,16,throughput,613.181,latency,0.00652,1
resnet50,4,40,resnet50,32,throughput,604.317,latency,0.00662,1
resnet50,4,40,resnet50,64,throughput,579.889,latency,0.0069,1
resnet50,4,50,vgg19,1,throughput,710.216,latency,0.00563,1
resnet50,4,50,vgg19,2,throughput,715.037,latency,0.00559,1
resnet50,4,50,vgg19,4,throughput,693.897,latency,0.00576,1
resnet50,4,50,vgg19,8,throughput,388.163,latency,0.0103,1
resnet50,4,50,vgg19,16,throughput,537.345,latency,0.00744,1
resnet50,4,50,vgg19,32,throughput,712.335,latency,0.00562,1
resnet50,4,50,vgg19,64,throughput,384.928,latency,0.01039,1
resnet50,4,50,resnet50,1,throughput,399.274,latency,0.01002,1
resnet50,4,50,resnet50,2,throughput,396.608,latency,0.01009,1
resnet50,4,50,resnet50,4,throughput,701.815,latency,0.0057,1
resnet50,4,50,resnet50,8,throughput,690.702,latency,0.00579,1
resnet50,4,50,resnet50,16,throughput,680.025,latency,0.00588,1
resnet50,4,50,resnet50,32,throughput,385.594,latency,0.01037,1
resnet50,4,50,resnet50,64,throughput,660.982,latency,0.00605,1
resnet50,4,60,vgg19,1,throughput,399.483,latency,0.01001,1
resnet50,4,60,vgg19,2,throughput,752.156,latency,0.00532,1
resnet50,4,60,vgg19,4,throughput,740.108,latency,0.0054,1
resnet50,4,60,vgg19,8,throughput,739.857,latency,0.00541,1
resnet50,4,60,vgg19,16,throughput,744.187,latency,0.00537,1
resnet50,4,60,vgg19,32,throughput,762.654,latency,0.00524,1
resnet50,4,60,vgg19,64,throughput,729.931,latency,0.00548,1
resnet50,4,60,resnet50,1,throughput,735.346,latency,0.00544,1
resnet50,4,60,resnet50,2,throughput,741.382,latency,0.0054,1
resnet50,4,60,resnet50,4,throughput,731.186,latency,0.00547,1
resnet50,4,60,resnet50,8,throughput,745.806,latency,0.00536,1
resnet50,4,60,resnet50,16,throughput,745.786,latency,0.00536,1
resnet50,4,60,resnet50,32,throughput,398.725,latency,0.01003,1
resnet50,4,60,resnet50,64,throughput,724.357,latency,0.00552,1
resnet50,4,80,vgg19,1,throughput,726.344,latency,0.00551,1
resnet50,4,80,vgg19,2,throughput,751.667,latency,0.00532,1
resnet50,4,80,vgg19,4,throughput,435.3,latency,0.00919,1
resnet50,4,80,vgg19,8,throughput,734.341,latency,0.00545,1
resnet50,4,80,vgg19,16,throughput,736.725,latency,0.00543,1
resnet50,4,80,vgg19,32,throughput,766.007,latency,0.00522,1
resnet50,4,80,vgg19,64,throughput,771.462,latency,0.00518,1
resnet50,4,80,resnet50,1,throughput,407.831,latency,0.00981,1
resnet50,4,80,resnet50,2,throughput,748.674,latency,0.00534,1
resnet50,4,80,resnet50,4,throughput,763.503,latency,0.00524,1
resnet50,4,80,resnet50,8,throughput,732.388,latency,0.00546,1
resnet50,4,80,resnet50,16,throughput,760.321,latency,0.00526,1
resnet50,4,80,resnet50,32,throughput,755.945,latency,0.00529,1
resnet50,4,80,resnet50,64,throughput,747.77,latency,0.00535,1
resnet50,8,20,vgg19,1,throughput,365.155,latency,0.02191,1
resnet50,8,20,vgg19,2,throughput,448.89,latency,0.01782,1
resnet50,8,20,vgg19,4,throughput,451.742,latency,0.01771,1
resnet50,8,20,vgg19,8,throughput,351.589,latency,0.02275,1
resnet50,8,20,vgg19,16,throughput,435.868,latency,0.01835,1
resnet50,8,20,vgg19,32,throughput,344.808,latency,0.0232,1
resnet50,8,20,vgg19,64,throughput,471.896,latency,0.01695,1
resnet50,8,20,resnet50,1,throughput,482.939,latency,0.01657,1
resnet50,8,20,resnet50,2,throughput,475.881,latency,0.01681,1
resnet50,8,20,resnet50,4,throughput,461.564,latency,0.01733,1
resnet50,8,20,resnet50,8,throughput,443.54,latency,0.01804,1
resnet50,8,20,resnet50,16,throughput,429.201,latency,0.01864,1
resnet50,8,20,resnet50,32,throughput,418.755,latency,0.0191,1
resnet50,8,20,resnet50,64,throughput,409.658,latency,0.01953,1
resnet50,8,40,vgg19,1,throughput,560.733,latency,0.01427,1
resnet50,8,40,vgg19,2,throughput,822.774,latency,0.00972,1
resnet50,8,40,vgg19,4,throughput,549.34,latency,0.01456,1
resnet50,8,40,vgg19,8,throughput,796.456,latency,0.01004,1
resnet50,8,40,vgg19,16,throughput,871.864,latency,0.00918,1
resnet50,8,40,vgg19,32,throughput,549.386,latency,0.01456,1
resnet50,8,40,vgg19,64,throughput,542.405,latency,0.01475,1
resnet50,8,40,resnet50,1,throughput,847.709,latency,0.00944,1
resnet50,8,40,resnet50,2,throughput,575.925,latency,0.01389,1
resnet50,8,40,resnet50,4,throughput,813.871,latency,0.00983,1
resnet50,8,40,resnet50,8,throughput,789.023,latency,0.01014,1
resnet50,8,40,resnet50,16,throughput,791.866,latency,0.0101,1
resnet50,8,40,resnet50,32,throughput,763.266,latency,0.01048,1
resnet50,8,40,resnet50,64,throughput,523.973,latency,0.01527,1
resnet50,8,50,vgg19,1,throughput,943.116,latency,0.00848,1
resnet50,8,50,vgg19,2,throughput,927.407,latency,0.00863,1
resnet50,8,50,vgg19,4,throughput,924.736,latency,0.00865,1
resnet50,8,50,vgg19,8,throughput,908.878,latency,0.0088,1
resnet50,8,50,vgg19,16,throughput,601.006,latency,0.01331,1
resnet50,8,50,vgg19,32,throughput,598.646,latency,0.01336,1
resnet50,8,50,vgg19,64,throughput,651.55,latency,0.01228,1
resnet50,8,50,resnet50,1,throughput,623.054,latency,0.01284,1
resnet50,8,50,resnet50,2,throughput,613.653,latency,0.01304,1
resnet50,8,50,resnet50,4,throughput,605.696,latency,0.01321,1
resnet50,8,50,resnet50,8,throughput,592.139,latency,0.01351,1
resnet50,8,50,resnet50,16,throughput,592.171,latency,0.01351,1
resnet50,8,50,resnet50,32,throughput,870.655,latency,0.00919,1
resnet50,8,50,resnet50,64,throughput,577.155,latency,0.01386,1
resnet50,8,60,vgg19,1,throughput,678.36,latency,0.01179,1
resnet50,8,60,vgg19,2,throughput,679.943,latency,0.01177,1
resnet50,8,60,vgg19,4,throughput,1071.8,latency,0.00746,1
resnet50,8,60,vgg19,8,throughput,673.588,latency,0.01188,1
resnet50,8,60,vgg19,16,throughput,1066.66,latency,0.0075,1
resnet50,8,60,vgg19,32,throughput,663.342,latency,0.01206,1
resnet50,8,60,vgg19,64,throughput,1099.72,latency,0.00727,1
resnet50,8,60,resnet50,1,throughput,689.706,latency,0.0116,1
resnet50,8,60,resnet50,2,throughput,672.712,latency,0.01189,1
resnet50,8,60,resnet50,4,throughput,666.85,latency,0.012,1
resnet50,8,60,resnet50,8,throughput,1052.1,latency,0.0076,1
resnet50,8,60,resnet50,16,throughput,646.256,latency,0.01238,1
resnet50,8,60,resnet50,32,throughput,1027.47,latency,0.00779,1
resnet50,8,60,resnet50,64,throughput,1040.68,latency,0.00769,1
resnet50,8,80,vgg19,1,throughput,757.641,latency,0.01056,1
resnet50,8,80,vgg19,2,throughput,1300.12,latency,0.00615,1
resnet50,8,80,vgg19,4,throughput,1259.96,latency,0.00635,1
resnet50,8,80,vgg19,8,throughput,1265.16,latency,0.00632,1
resnet50,8,80,vgg19,16,throughput,1207.02,latency,0.00663,1
resnet50,8,80,vgg19,32,throughput,1296.35,latency,0.00617,1
resnet50,8,80,vgg19,64,throughput,1239.21,latency,0.00646,1
resnet50,8,80,resnet50,1,throughput,741.1,latency,0.01079,1
resnet50,8,80,resnet50,2,throughput,741.905,latency,0.01078,1
resnet50,8,80,resnet50,4,throughput,738.223,latency,0.01084,1
resnet50,8,80,resnet50,8,throughput,739.245,latency,0.01082,1
resnet50,8,80,resnet50,16,throughput,720.155,latency,0.01111,1
resnet50,8,80,resnet50,32,throughput,1247.34,latency,0.00641,1
resnet50,8,80,resnet50,64,throughput,721.409,latency,0.01109,1
resnet50,16,20,vgg19,1,throughput,515.565,latency,0.03103,1
resnet50,16,20,vgg19,2,throughput,508.966,latency,0.03144,1
resnet50,16,20,vgg19,4,throughput,508.705,latency,0.03145,1
resnet50,16,20,vgg19,8,throughput,500.193,latency,0.03199,1
resnet50,16,20,vgg19,16,throughput,491.21,latency,0.03257,1
resnet50,16,20,vgg19,32,throughput,488.149,latency,0.03278,1
resnet50,16,20,vgg19,64,throughput,489.563,latency,0.03268,1
resnet50,16,20,resnet50,1,throughput,468.913,latency,0.03412,1
resnet50,16,20,resnet50,2,throughput,531.559,latency,0.0301,1
resnet50,16,20,resnet50,4,throughput,517.203,latency,0.03094,1
resnet50,16,20,resnet50,8,throughput,500.4,latency,0.03197,1
resnet50,16,20,resnet50,16,throughput,486.067,latency,0.03292,1
resnet50,16,20,resnet50,32,throughput,469.239,latency,0.0341,1
resnet50,16,20,resnet50,64,throughput,466.99,latency,0.03426,1
resnet50,16,40,vgg19,1,throughput,945.809,latency,0.01692,1
resnet50,16,40,vgg19,2,throughput,930.873,latency,0.01719,1
resnet50,16,40,vgg19,4,throughput,936.362,latency,0.01709,1
resnet50,16,40,vgg19,8,throughput,939.167,latency,0.01704,1
resnet50,16,40,vgg19,16,throughput,926.644,latency,0.01727,1
resnet50,16,40,vgg19,32,throughput,919.918,latency,0.01739,1
resnet50,16,40,vgg19,64,throughput,950.018,latency,0.01684,1
resnet50,16,40,resnet50,1,throughput,985.914,latency,0.01623,1
resnet50,16,40,resnet50,2,throughput,981.688,latency,0.0163,1
resnet50,16,40,resnet50,4,throughput,947.775,latency,0.01688,1
resnet50,16,40,resnet50,8,throughput,934.993,latency,0.01711,1
resnet50,16,40,resnet50,16,throughput,898.643,latency,0.0178,1
resnet50,16,40,resnet50,32,throughput,894.074,latency,0.0179,1
resnet50,16,40,resnet50,64,throughput,872.778,latency,0.01833,1
resnet50,16,50,vgg19,1,throughput,835.003,latency,0.01916,1
resnet50,16,50,vgg19,2,throughput,826.71,latency,0.01935,1
resnet50,16,50,vgg19,4,throughput,1089.64,latency,0.01468,1
resnet50,16,50,vgg19,8,throughput,817.425,latency,0.01957,1
resnet50,16,50,vgg19,16,throughput,1092,latency,0.01465,1
resnet50,16,50,vgg19,32,throughput,816.664,latency,0.01959,1
resnet50,16,50,vgg19,64,throughput,820.197,latency,0.01951,1
resnet50,16,50,resnet50,1,throughput,857.055,latency,0.01867,1
resnet50,16,50,resnet50,2,throughput,847.379,latency,0.01888,1
resnet50,16,50,resnet50,4,throughput,1095.4,latency,0.01461,1
resnet50,16,50,resnet50,8,throughput,818.615,latency,0.01955,1
resnet50,16,50,resnet50,16,throughput,799.763,latency,0.02001,1
resnet50,16,50,resnet50,32,throughput,785.826,latency,0.02036,1
resnet50,16,50,resnet50,64,throughput,790.331,latency,0.02024,1
resnet50,16,60,vgg19,1,throughput,1287.43,latency,0.01243,1
resnet50,16,60,vgg19,2,throughput,1289.46,latency,0.01241,1
resnet50,16,60,vgg19,4,throughput,1285,latency,0.01245,1
resnet50,16,60,vgg19,8,throughput,1283.41,latency,0.01247,1
resnet50,16,60,vgg19,16,throughput,1286.82,latency,0.01243,1
resnet50,16,60,vgg19,32,throughput,1268.14,latency,0.01262,1
resnet50,16,60,vgg19,64,throughput,1273.7,latency,0.01256,1
resnet50,16,60,resnet50,1,throughput,1326.57,latency,0.01206,1
resnet50,16,60,resnet50,2,throughput,1308.76,latency,0.01223,1
resnet50,16,60,resnet50,4,throughput,1305.68,latency,0.01225,1
resnet50,16,60,resnet50,8,throughput,1294.06,latency,0.01236,1
resnet50,16,60,resnet50,16,throughput,1263.77,latency,0.01266,1
resnet50,16,60,resnet50,32,throughput,1267.78,latency,0.01262,1
resnet50,16,60,resnet50,64,throughput,1235.04,latency,0.01296,1
resnet50,16,80,vgg19,1,throughput,1061.05,latency,0.01508,1
resnet50,16,80,vgg19,2,throughput,1541.21,latency,0.01038,1
resnet50,16,80,vgg19,4,throughput,1053.07,latency,0.01519,1
resnet50,16,80,vgg19,8,throughput,1508.82,latency,0.0106,1
resnet50,16,80,vgg19,16,throughput,1064.14,latency,0.01504,1
resnet50,16,80,vgg19,32,throughput,1102.01,latency,0.01452,1
resnet50,16,80,vgg19,64,throughput,1042.93,latency,0.01534,1
resnet50,16,80,resnet50,1,throughput,1510.03,latency,0.0106,1
resnet50,16,80,resnet50,2,throughput,1056.35,latency,0.01515,1
resnet50,16,80,resnet50,4,throughput,1051.58,latency,0.01522,1
resnet50,16,80,resnet50,8,throughput,1053.97,latency,0.01518,1
resnet50,16,80,resnet50,16,throughput,1505.49,latency,0.01063,1
resnet50,16,80,resnet50,32,throughput,1270.51,latency,0.01259,1
resnet50,16,80,resnet50,64,throughput,1031.3,latency,0.01551,1
resnet50,32,20,vgg19,1,throughput,570.745,latency,0.05607,1
resnet50,32,20,vgg19,2,throughput,570.738,latency,0.05607,1
resnet50,32,20,vgg19,4,throughput,569.196,latency,0.05622,1
resnet50,32,20,vgg19,8,throughput,559.367,latency,0.05721,1
resnet50,32,20,vgg19,16,throughput,554.919,latency,0.05767,1
resnet50,32,20,vgg19,32,throughput,546.646,latency,0.05854,1
resnet50,32,20,vgg19,64,throughput,546.421,latency,0.05856,1
resnet50,32,20,resnet50,1,throughput,596.629,latency,0.05363,1
resnet50,32,20,resnet50,2,throughput,591.196,latency,0.05413,1
resnet50,32,20,resnet50,4,throughput,578.602,latency,0.05531,1
resnet50,32,20,resnet50,8,throughput,560.749,latency,0.05707,1
resnet50,32,20,resnet50,16,throughput,543.535,latency,0.05887,1
resnet50,32,20,resnet50,32,throughput,524.982,latency,0.06095,1
resnet50,32,20,resnet50,64,throughput,480.775,latency,0.06656,1
resnet50,32,40,vgg19,1,throughput,1076.29,latency,0.02973,1
resnet50,32,40,vgg19,2,throughput,1065.37,latency,0.03004,1
resnet50,32,40,vgg19,4,throughput,1058.97,latency,0.03022,1
resnet50,32,40,vgg19,8,throughput,983.702,latency,0.03253,1
resnet50,32,40,vgg19,16,throughput,1035.16,latency,0.03091,1
resnet50,32,40,vgg19,32,throughput,939.693,latency,0.03405,1
resnet50,32,40,vgg19,64,throughput,895.254,latency,0.03574,1
resnet50,32,40,resnet50,1,throughput,1112.77,latency,0.02876,1
resnet50,32,40,resnet50,2,throughput,1104.6,latency,0.02897,1
resnet50,32,40,resnet50,4,throughput,1082.07,latency,0.02957,1
resnet50,32,40,resnet50,8,throughput,1057.1,latency,0.03027,1
resnet50,32,40,resnet50,16,throughput,1034.47,latency,0.03093,1
resnet50,32,40,resnet50,32,throughput,1002.32,latency,0.03193,1
resnet50,32,40,resnet50,64,throughput,990.583,latency,0.0323,1
resnet50,32,50,vgg19,1,throughput,1231.51,latency,0.02598,1
resnet50,32,50,vgg19,2,throughput,1240.84,latency,0.02579,1
resnet50,32,50,vgg19,4,throughput,1245.57,latency,0.02569,1
resnet50,32,50,vgg19,8,throughput,1239.75,latency,0.02581,1
resnet50,32,50,vgg19,16,throughput,1235.36,latency,0.0259,1
resnet50,32,50,vgg19,32,throughput,1230.32,latency,0.02601,1
resnet50,32,50,vgg19,64,throughput,1242.15,latency,0.02576,1
resnet50,32,50,resnet50,1,throughput,1282.91,latency,0.02494,1
resnet50,32,50,resnet50,2,throughput,1271.37,latency,0.02517,1
resnet50,32,50,resnet50,4,throughput,1255.41,latency,0.02549,1
resnet50,32,50,resnet50,8,throughput,1245.7,latency,0.02569,1
resnet50,32,50,resnet50,16,throughput,1009.33,latency,0.0317,1
resnet50,32,50,resnet50,32,throughput,1204.48,latency,0.02657,1
resnet50,32,50,resnet50,64,throughput,1194.96,latency,0.02678,1
resnet50,32,60,vgg19,1,throughput,1493.37,latency,0.02143,1
resnet50,32,60,vgg19,2,throughput,1221.92,latency,0.02619,1
resnet50,32,60,vgg19,4,throughput,1436.61,latency,0.02227,1
resnet50,32,60,vgg19,8,throughput,1477.76,latency,0.02165,1
resnet50,32,60,vgg19,16,throughput,1461.76,latency,0.02189,1
resnet50,32,60,vgg19,32,throughput,1459.65,latency,0.02192,1
resnet50,32,60,vgg19,64,throughput,1469.97,latency,0.02177,1
resnet50,32,60,resnet50,1,throughput,1507.32,latency,0.02123,1
resnet50,32,60,resnet50,2,throughput,1493.53,latency,0.02143,1
resnet50,32,60,resnet50,4,throughput,1182.44,latency,0.02706,1
resnet50,32,60,resnet50,8,throughput,1452.05,latency,0.02204,1
resnet50,32,60,resnet50,16,throughput,1159.76,latency,0.02759,1
resnet50,32,60,resnet50,32,throughput,1405.43,latency,0.02277,1
resnet50,32,60,resnet50,64,throughput,1400.73,latency,0.02285,1
resnet50,32,80,vgg19,1,throughput,1756.82,latency,0.01821,1
resnet50,32,80,vgg19,2,throughput,1739.09,latency,0.0184,1
resnet50,32,80,vgg19,4,throughput,1756.48,latency,0.01822,1
resnet50,32,80,vgg19,8,throughput,1692.06,latency,0.01891,1
resnet50,32,80,vgg19,16,throughput,1751.22,latency,0.01827,1
resnet50,32,80,vgg19,32,throughput,1759.47,latency,0.01819,1
resnet50,32,80,vgg19,64,throughput,1516,latency,0.02111,1
resnet50,32,80,resnet50,1,throughput,1748.73,latency,0.0183,1
resnet50,32,80,resnet50,2,throughput,1727.13,latency,0.01853,1
resnet50,32,80,resnet50,4,throughput,1731.34,latency,0.01848,1
resnet50,32,80,resnet50,8,throughput,1735.46,latency,0.01844,1
resnet50,32,80,resnet50,16,throughput,1728.91,latency,0.01851,1
resnet50,32,80,resnet50,32,throughput,1712.37,latency,0.01869,1
resnet50,32,80,resnet50,64,throughput,1703.31,latency,0.01879,1
resnet50,64,20,vgg19,1,throughput,591.722,latency,0.10816,1
resnet50,64,20,vgg19,2,throughput,589.212,latency,0.10862,1
resnet50,64,20,vgg19,4,throughput,585.323,latency,0.10934,1
resnet50,64,20,vgg19,8,throughput,578.082,latency,0.11071,1
resnet50,64,20,vgg19,16,throughput,575.257,latency,0.11125,1
resnet50,64,20,vgg19,32,throughput,572.15,latency,0.11186,1
resnet50,64,20,vgg19,64,throughput,573.139,latency,0.11167,1
resnet50,64,20,resnet50,1,throughput,615.595,latency,0.10396,1
resnet50,64,20,resnet50,2,throughput,608.704,latency,0.10514,1
resnet50,64,20,resnet50,4,throughput,592.945,latency,0.10794,1
resnet50,64,20,resnet50,8,throughput,581.219,latency,0.11011,1
resnet50,64,20,resnet50,16,throughput,568.069,latency,0.11266,1
resnet50,64,20,resnet50,32,throughput,546.826,latency,0.11704,1
resnet50,64,20,resnet50,64,throughput,540.703,latency,0.11836,1
resnet50,64,40,vgg19,1,throughput,1065.88,latency,0.06004,1
resnet50,64,40,vgg19,2,throughput,1060.54,latency,0.06035,1
resnet50,64,40,vgg19,4,throughput,1060.88,latency,0.06033,1
resnet50,64,40,vgg19,8,throughput,1059.19,latency,0.06042,1
resnet50,64,40,vgg19,16,throughput,1053.95,latency,0.06072,1
resnet50,64,40,vgg19,32,throughput,1130,latency,0.05664,1
resnet50,64,40,vgg19,64,throughput,1057.99,latency,0.06049,1
resnet50,64,40,resnet50,1,throughput,1196.23,latency,0.0535,1
resnet50,64,40,resnet50,2,throughput,1087.43,latency,0.05885,1
resnet50,64,40,resnet50,4,throughput,1071.34,latency,0.05974,1
resnet50,64,40,resnet50,8,throughput,1054.55,latency,0.06069,1
resnet50,64,40,resnet50,16,throughput,1033.05,latency,0.06195,1
resnet50,64,40,resnet50,32,throughput,1040.83,latency,0.06149,1
resnet50,64,40,resnet50,64,throughput,1005.48,latency,0.06365,1
resnet50,64,50,vgg19,1,throughput,1354.16,latency,0.04726,1
resnet50,64,50,vgg19,2,throughput,1235.82,latency,0.05179,1
resnet50,64,50,vgg19,4,throughput,1235.54,latency,0.0518,1
resnet50,64,50,vgg19,8,throughput,1209.94,latency,0.0529,1
resnet50,64,50,vgg19,16,throughput,1256.46,latency,0.05094,1
resnet50,64,50,vgg19,32,throughput,1255.52,latency,0.05097,1
resnet50,64,50,vgg19,64,throughput,1341.21,latency,0.04772,1
resnet50,64,50,resnet50,1,throughput,1379.42,latency,0.0464,1
resnet50,64,50,resnet50,2,throughput,1375.73,latency,0.04652,1
resnet50,64,50,resnet50,4,throughput,1340.78,latency,0.04773,1
resnet50,64,50,resnet50,8,throughput,1328.34,latency,0.04818,1
resnet50,64,50,resnet50,16,throughput,1305.38,latency,0.04903,1
resnet50,64,50,resnet50,32,throughput,1284.49,latency,0.04983,1
resnet50,64,50,resnet50,64,throughput,1286.71,latency,0.04974,1
resnet50,64,60,vgg19,1,throughput,1598.57,latency,0.04004,1
resnet50,64,60,vgg19,2,throughput,1422.94,latency,0.04498,1
resnet50,64,60,vgg19,4,throughput,1586.01,latency,0.04035,1
resnet50,64,60,vgg19,8,throughput,1422.4,latency,0.04499,1
resnet50,64,60,vgg19,16,throughput,1471.57,latency,0.04349,1
resnet50,64,60,vgg19,32,throughput,1579.32,latency,0.04052,1
resnet50,64,60,vgg19,64,throughput,1581.57,latency,0.04047,1
resnet50,64,60,resnet50,1,throughput,1615.91,latency,0.03961,1
resnet50,64,60,resnet50,2,throughput,1609.96,latency,0.03975,1
resnet50,64,60,resnet50,4,throughput,1575.31,latency,0.04063,1
resnet50,64,60,resnet50,8,throughput,1553.97,latency,0.04118,1
resnet50,64,60,resnet50,16,throughput,1540.42,latency,0.04155,1
resnet50,64,60,resnet50,32,throughput,1523.19,latency,0.04202,1
resnet50,64,60,resnet50,64,throughput,1517.6,latency,0.04217,1
resnet50,64,80,vgg19,1,throughput,1867.51,latency,0.03427,1
resnet50,64,80,vgg19,2,throughput,1859.94,latency,0.03441,1
resnet50,64,80,vgg19,4,throughput,1629.4,latency,0.03928,1
resnet50,64,80,vgg19,8,throughput,1669.65,latency,0.03833,1
resnet50,64,80,vgg19,16,throughput,1629.4,latency,0.03928,1
resnet50,64,80,vgg19,32,throughput,1868.31,latency,0.03426,1
resnet50,64,80,vgg19,64,throughput,1716.61,latency,0.03728,1
resnet50,64,80,resnet50,1,throughput,1871.01,latency,0.03421,1
resnet50,64,80,resnet50,2,throughput,1861.35,latency,0.03438,1
resnet50,64,80,resnet50,4,throughput,1854.9,latency,0.0345,1
resnet50,64,80,resnet50,8,throughput,1846.95,latency,0.03465,1
resnet50,64,80,resnet50,16,throughput,1865.65,latency,0.0343,1
resnet50,64,80,resnet50,32,throughput,1861.18,latency,0.03439,1
resnet50,64,80,resnet50,64,throughput,1868.64,latency,0.03425,1
